profile_url,full_name,headline,nb_posts_distincts,nb_commentaires_total,dernier_post
https://www.linkedin.com/in/thomasbee,Thomas Bee,COO @wazza.ai | Helping production studios,3,3,2026-09-25
https://www.linkedin.com/in/bastien-planchat,Bastien Planchat,"Je transforme ton rêve canadien en réalité | J’ai déjà accompagné 74 solos, 39 couples et 107 familles | On discute de ton projet d’expatriation au Canada autour d’un café virtuel ? 🥞",2,2,2026-09-24
https://www.linkedin.com/in/myserenoffice-assistante-externalisee-celine-labbe,CELINE LABBE,Assistante externalisée 🤝 | Je reprends en main ce qui ralentit votre quotidien ⏳,2,2,2026-09-17
https://www.linkedin.com/in/charly-miconnet,Charly Miconnet,"I’ll scan your business to realign your strategy, offerings, customer acquisition, and organization.",2,2,2026-09-22
https://www.linkedin.com/in/christianlim,Christian LIM,Faites de votre CRM un système de revenu prédictible | Co-Fondateur Youno,2,2,2026-09-24
https://www.linkedin.com/in/cindycarrillo,Cindy Carrillo 🌞,"🚀 Websites designed for ambitious entrepreneurs: + productivity, + results | 🌞 Web Designer | 🎓 Trainer in design & digital marketing | CEO of WebbyBooster and Billy 360",2,2,2026-09-23
https://www.linkedin.com/in/fanny-ferron,Fanny Ferron,RAF/Contrôleuse financière externe | +20 ans expérience en Direction financière & Expertise comptable | Consultante Finthesis,2,2,2026-09-17
https://www.linkedin.com/in/harry-porcu,Harry Porcu,Fondateur de Hezign | Sites web et SEO pensés pour générer des demandes entrantes | Visibilité Google et IA,2,2,2026-09-18
https://www.linkedin.com/in/julia-annei,Julia Muller 🥷🏼,"J’assure la croissance de votre T-PME 🌱 | Growth Manager @Annei 🧡 | + de 2000 entreprises accompagnées depuis 2009 ! La prochaine, c’est la vôtre 👇🏼",2,2,2026-09-25
https://www.linkedin.com/in/matthieu-gougne,Matthieu Gougne,Growth Manager | Educademy (Betao AB),2,2,2026-09-17
https://www.linkedin.com/in/rse-pablo-maria,Pablo Maria,PhD Student | Co-founder of Intersektion – ESG / CSRD / Carbon Accounting Software,2,2,2026-09-24
https://www.linkedin.com/in/romainmaltrud,Romain Maltrud,I help finance teams use AI | Practicing CFO | Mentor & Speaker | obl.app,2,2,2026-09-26
https://www.linkedin.com/in/tifany-clemenceau,Tifany Clemenceau,J’aide les PME à adopter l’IA concrètement et je partage ce qui marche | 800+ personnes formées | Cofondatrice ERIA | Partenaire DUST,2,2,2026-09-24
