profile_url,nom,headline,identifiant,etat,ajoute_le
https://www.linkedin.com/in/laurentflores,🎓 Dr Laurent FLORES - Phd 💫,,laurentflores,ok,2026-09-24
https://www.linkedin.com/in/audrey-defer-businessos,🔆 Audrey Defer,Je structure & pilote ta TPE par les chiffres 📊 | Copilote des dirigeant·es — COO part-time / PMO | Agences (Romandie) & marchands de biens (Haute-Savoie),audrey-defer-businessos,pending,2026-09-24
https://www.linkedin.com/in/abou-pierre-kane-46981321,Abou Pierre Kane,IT Manager,abou-pierre-kane-46981321,pending,2026-09-24
https://www.linkedin.com/in/adel-hamzaoui,Adel Hamzaoui,Chef Département Offres Postpaid,adel-hamzaoui,pending,2026-09-24
https://www.linkedin.com/in/adrien-paganelli,Adrien P.,Prévisionnel et Pilotage Collaboratif  | Marque blanche | 🚀 Optimisez vos missions de conseils,adrien-paganelli,pending,2026-09-24
https://www.linkedin.com/in/alexandragannat,Alexandra Gannat,"I recruit corporate talents who make your grocery experience memorable 🛒 From local Franprix to lifestyle Monoprix, and behind the scenes @Casino Group 🟢 | Employer Branding Trainer @Talent Catcher | Advisor @Jarvi 🚀",alexandragannat,pending,2026-09-24
https://www.linkedin.com/in/alexandre-amrhein-jaidi-customer-service,Alexandre Amrhein Jaidi,,alexandre-amrhein-jaidi-customer-service,ok,2026-09-24
https://www.linkedin.com/in/alexandredesousa,Alexandre DE SOUSA,,alexandredesousa,ok,2026-09-24
https://www.linkedin.com/in/alexia-rivier,Alexia Rivier,,alexia-rivier,ok,2026-09-24
https://www.linkedin.com/in/alexis-bied-sanala,Alexis Bied 🟠🔵,,alexis-bied-sanala,ok,2026-09-24
https://www.linkedin.com/in/alice-reboul,Alice Reboul,,alice-reboul,ok,2026-09-24
https://www.linkedin.com/in/alissaintuitae,Alissa R.,,alissaintuitae,ok,2026-09-24
https://www.linkedin.com/in/alize-moreira-seo,Alizé Moreira,,alize-moreira-seo,ok,2026-09-24
https://www.linkedin.com/in/allandubos,Allan Dubos,,allandubos,ok,2026-09-24
https://www.linkedin.com/in/anaelle-laurens,Anaelle Laurens 🍹,,anaelle-laurens,ok,2026-09-24
https://www.linkedin.com/in/anaisayrault,Anaïs Ayrault,,anaisayrault,ok,2026-09-24
https://www.linkedin.com/in/ana%C3%AFs-remaoun-b5668754,Anaïs Remaoun,"Experte en Financement👩🏻‍💻 4800 Pros de l’immo accompagnés // Co-Fondatrice du cabinet @auditandcoverage, de la startup @Galee.io et de l'incubateur @LaReleve 🚀Entrepreneur Addicted 💉Fan de mes patrons de 4 ans👶👶",ana%C3%AFs-remaoun-b5668754,pending,2026-09-24
https://www.linkedin.com/in/anja-oliniaina,Anja Oliniaina,"Consultante en structuration d’activité 🌿 Je transforme une organisation dispersée en un système clair, durable et réellement utilisable. Nous le construisons ensemble. Puis je te rends les clés.",anja-oliniaina,pending,2026-09-24
https://www.linkedin.com/in/anna-trabaud-b299a3180,Anna Trabaud,Nurse & Founder of Bolus 💉,anna-trabaud-b299a3180,pending,2026-09-24
https://www.linkedin.com/in/anne-cogrel,Anne Cogrel,,anne-cogrel,ok,2026-09-24
https://www.linkedin.com/in/anne-marie-farro,Anne-Marie Farro,Cheffe de projet Freelance en Maîtrise d’Ouvrage à La Réunion.,anne-marie-farro,pending,2026-09-24
https://www.linkedin.com/in/anthony-ciceron,Anthony Ciceron,,anthony-ciceron,ok,2026-09-24
https://www.linkedin.com/in/anthony-quinchon,Anthony Quinchon,,anthony-quinchon,ok,2026-09-24
https://www.linkedin.com/in/arnauddomergue,Arnaud Domergue,,arnauddomergue,ok,2026-09-24
https://www.linkedin.com/in/arthur-deslandes-05023580,Arthur Deslandes,"CEO & founder @Hyperlity | Campagnes YouTube & programmatiques avec une diffusion premium, maîtrisée et transparente | Contactez-nous",arthur-deslandes-05023580,pending,2026-09-24
https://www.linkedin.com/in/agueidan,Audric Gueidan,,agueidan,ok,2026-09-24
https://www.linkedin.com/in/aureliemathew,"Aurélie MATHEW, ACEA®",Office Manager | Office Management & Operations | Workplace | Senior Executive Assistant | Gestion de projets | Process Improvement | Environnement international,aureliemathew,pending,2026-09-24
https://www.linkedin.com/in/aur%C3%A9lien-feuillard-647104137,Aurélien Feuillard,"Votre site web, pensé pour convertir et facile à gérer · Code O Carré · Toulouse",aur%C3%A9lien-feuillard-647104137,pending,2026-09-24
https://www.linkedin.com/in/axel-allanos,Axel Allanos,COO @Produscale.,axel-allanos,pending,2026-09-24
https://www.linkedin.com/in/lerouxclement,Aymeric Baranowski 🐙,Community & Content Manager | CM @ Dufour | Community @ Numbr | Boss @ Communitips | Mini Transat 2029,lerouxclement,ok,2026-09-24
https://www.linkedin.com/in/baptiste-h91,Baptiste H.,Email+Conversion+Rétention pour E-com | On vous fait gagner plus de profit avec le trafic que vous payez déjà | Fondateur The-retention.io 🟢,baptiste-h91,pending,2026-09-24
https://www.linkedin.com/in/barbara-driss,Barbara DRISS,,barbara-driss,ok,2026-09-24
https://www.linkedin.com/in/bendli,Bendali ✌️,"Je t’aide à intégrer l’IA dans ton business, pas à pas | Formation et Accompagnement",bendli,pending,2026-09-24
https://www.linkedin.com/in/benjamin-landa-23a76a55,Benjamin Landa,Vous avez l’expertise. Il vous manque les mots. Copywriter stratégique · je commence par comprendre votre marché avant d’écrire la première ligne.,benjamin-landa-23a76a55,pending,2026-09-24
https://www.linkedin.com/in/ACoAABNTqBUBkclV4Ud6a7iWEkMpVoc2Df4fEzA,Bertha Malafa,,ACoAABNTqBUBkclV4Ud6a7iWEkMpVoc2Df4fEzA,ok,2026-09-24
https://www.linkedin.com/in/bricetrophardy,Brice Trophardy,,bricetrophardy,ok,2026-09-24
https://www.linkedin.com/in/brunofridlansky,Bruno · Fridlansky,,brunofridlansky,ok,2026-09-24
https://www.linkedin.com/in/bruno-santos-lopes,Bruno Santos ✨,Consultant SEO en freelance ✨ | Je fais & je vulgarise le SEO pour vous 🫵,bruno-santos-lopes,pending,2026-09-24
https://www.linkedin.com/in/ACoAABsTzmIBmId7BeYG__3YYmg7hzuOkOdhw_E,Candice Peyrac Rozières,,ACoAABsTzmIBmId7BeYG__3YYmg7hzuOkOdhw_E,ok,2026-09-24
https://www.linkedin.com/in/carine-escudero-coaching-communication-interpersonnelle,Carine Escudero,,carine-escudero-coaching-communication-interpersonnelle,ok,2026-09-24
https://www.linkedin.com/in/caroline-rousset-thoughtleadership,Caroline ROUSSET,,caroline-rousset-thoughtleadership,ok,2026-09-24
https://www.linkedin.com/in/ceciledemai,Cécile DEMAI,,ceciledemai,ok,2026-09-24
https://www.linkedin.com/in/cedricave,Cédric Avé,"Je mets en place un système d’agents IA qui automatise ton acquisition, tes relances et ton suivi client en 30 jours pour te faire gagner du temps et sécuriser plus de clients.",cedricave,ok,2026-09-24
https://www.linkedin.com/in/c%C3%A9line-du-rivau-strategie,Céline du Rivau ⚓️ Ton phare business,,c%C3%A9line-du-rivau-strategie,ok,2026-09-24
https://www.linkedin.com/in/charles-elias-farah-investissement,Charles-Elias Farah 🌊,Je t'aide à prendre en main ton avenir financier | Conseiller en investissements et fondateur du média d'éducation financière Le Grand Bain 🌊,charles-elias-farah-investissement,pending,2026-09-24
https://www.linkedin.com/in/charles-guy-gilbertas,Charles-Guy (CG) Gilbertas,,charles-guy-gilbertas,ok,2026-09-24
https://www.linkedin.com/in/charline-royer,Charline Royer,Je transforme le chaos opérationnel en structure pilotable | Bras droit externalisé pour consultants & formateurs B2B | Spécialiste IA / transformation digitale | OBM,charline-royer,pending,2026-09-24
https://www.linkedin.com/in/charlotte-boisard-qualiopi-formation-freelance,Charlotte Boisard,Bras droit opérationnel des dirigeants | Je pilote & structure votre activité | Formation • Qualiopi • Immobilier | +15 ans d’expérience | Freelance,charlotte-boisard-qualiopi-formation-freelance,pending,2026-09-24
https://www.linkedin.com/in/charlottedelmal,Charlotte Delmal,,charlottedelmal,ok,2026-09-24
https://www.linkedin.com/in/cheick-km-003735279,Cheick Km,"➜ We help CEOs (+15K/Month) scale by eliminating what hinders their execution (procrastination, mental overload, self-sabotage) in 87 Days | We Scale the Human Who Scales the Company | +300K Generated by Our Clients ↓ |",cheick-km-003735279,pending,2026-09-24
https://www.linkedin.com/in/christelle-bajard,Christelle BAJARD,,christelle-bajard,ok,2026-09-24
https://www.linkedin.com/in/christine-legrand,Christine Legrand,Responsable Administration Finance ·•· Operations & Finance Manager ⚓ Réserviste opérationnel Marine nationale,christine-legrand,pending,2026-09-24
https://www.linkedin.com/in/ckris-bonjean,Ckris BONJEAN,,ckris-bonjean,ok,2026-09-24
https://www.linkedin.com/in/claireassistantebienetre,Claire Brossard,,claireassistantebienetre,ok,2026-09-24
https://www.linkedin.com/in/clairedurandgcd,Claire D.,Deviens l’alliée n°1 des pros du bâtiment 👷🏼‍♀️ | Formations Appels d’offres & Gestion administrative | +100 étudiants formés,clairedurandgcd,ok,2026-09-24
https://www.linkedin.com/in/clara-odekerken-%E2%98%80%EF%B8%8F-17a67ab3,Clara Odekerken ☀️,,clara-odekerken-%E2%98%80%EF%B8%8F-17a67ab3,ok,2026-09-24
https://www.linkedin.com/in/ACoAACCuxuoBWVxT-LFFEkgtrcLBsiMMQXOpb6Q,Clément Rejneri 🔥,,ACoAACCuxuoBWVxT-LFFEkgtrcLBsiMMQXOpb6Q,ok,2026-09-24
https://www.linkedin.com/in/corentin-cailleau-business,Corentin Cailleau,,corentin-cailleau-business,ok,2026-09-24
https://www.linkedin.com/in/corentin-semence-coala,Corentin SEMENCE,,corentin-semence-coala,ok,2026-09-24
https://www.linkedin.com/in/corine-bataillon,Corine BATAILLON,"Passe d'entrepreneur débordé à maître de l'organisation, sans prise de tête !! Plus d'excuses, juste des résultats : ton business tourne, tu respires enfin !",corine-bataillon,pending,2026-09-24
https://www.linkedin.com/in/cyprien-delapierre,Cyprien Delapierre,Identité visuelle & Stratégie marketing | Co-fondateur @Turbine | 100% PME industrielles françaises,cyprien-delapierre,pending,2026-09-24
https://www.linkedin.com/in/dagan-thomas-b37799215,Dagan THOMAS,Assistant Marketing chez Boost Conversion,dagan-thomas-b37799215,pending,2026-09-24
https://www.linkedin.com/in/davidadanero,David (🌱Dada) ADANERO,,davidadanero,ok,2026-09-24
https://www.linkedin.com/in/david-boschet,David B.,,david-boschet,ok,2026-09-24
https://www.linkedin.com/in/david-belley-fortin,David Belley-Fortin,Helping service business systematize their operations through custom built digital solutions.,david-belley-fortin,pending,2026-09-24
https://www.linkedin.com/in/davidtangconsulting,David Tang,Chef de Projet Digital Senior | AMOA | Consultant Freelance | Ex-consultant chez Moët Hennessy & Disneyland Paris,davidtangconsulting,pending,2026-09-24
https://www.linkedin.com/in/deborah-achour-consultante-seo,Déborah Achour,,deborah-achour-consultante-seo,ok,2026-09-24
https://www.linkedin.com/in/delphineblanc-,Delphine Blanc.,,delphineblanc-,ok,2026-09-24
https://www.linkedin.com/in/dimitri-ageon,Dimitri Ageon 🥷🏻,,dimitri-ageon,ok,2026-09-24
https://www.linkedin.com/in/dimitri-klopfstein,Dimitri Klopfstein,Ingénieur pédagogique & développeur. Je conçois vos formations et les outils numériques qui les portent,dimitri-klopfstein,pending,2026-09-24
https://www.linkedin.com/in/dimitriribal,Dimitri Ribal,,dimitriribal,ok,2026-09-24
https://www.linkedin.com/in/elie-darracq,Elie D.,Des systèmes IA qui transforment vos opérations — pas des automatisations gadgets · PME de prestation de service B2B,elie-darracq,pending,2026-09-24
https://www.linkedin.com/in/elise-rondard,Elise Rondard,,elise-rondard,ok,2026-09-24
https://www.linkedin.com/in/ACoAACAUZUYBbjSOzT0ah5COYt6j2cmbF2hny3M,Elodie Delmas,,ACoAACAUZUYBbjSOzT0ah5COYt6j2cmbF2hny3M,ok,2026-09-24
https://www.linkedin.com/in/elodie-raignault,ELODIE RAIGNAULT,🔆 🤩 Assistante de direction & Assistante virtuelle indépendante 👩‍💻 ✍️,elodie-raignault,pending,2026-09-24
https://www.linkedin.com/in/%C3%A9lo%C3%AFsedesravines,Éloïse Desravines,Cheffe de projets marketing & digitaux,%C3%A9lo%C3%AFsedesravines,pending,2026-09-24
https://www.linkedin.com/in/emilie-gattet,Emilie Gattet,"Je pilote la communication des structures ambitieuses — stratégie de contenu, social media, admin web | Lyon & Remote",emilie-gattet,pending,2026-09-24
https://www.linkedin.com/in/emilie-lacour,Emilie LACOUR,,emilie-lacour,ok,2026-09-24
https://www.linkedin.com/in/enguerrand-monnnoury-csm,Enguerrand Monnoury,🤝 Account Manager & Customer Success Manager - SaaS santé / +150 partenaires accompagnés / 98% CSAT / Trusted advisor / Je crée des partenariats qui font grandir les projets autant que les équipes,enguerrand-monnnoury-csm,pending,2026-09-24
https://www.linkedin.com/in/eric-allain-expert-transformation-digital,Eric ALLAIN,,eric-allain-expert-transformation-digital,ok,2026-09-24
https://www.linkedin.com/in/eve-b-99095032b,Eve B.,"Copywriter stratégique, j’aide les coachs et les thérapeutes à faire danser leurs mots pour créer des connexions authentiques : des messages qui vibrent, des e-mails qui marquent… et une audience qui en redemande.",eve-b-99095032b,pending,2026-09-24
https://www.linkedin.com/in/feliciarapoport,Felícia Rapoport ☀,I write and help you write your B2B content (LinkedIn & blogs) 🧠 | Copywriting • LinkedIn • Social selling • Content marketing ✍ | In French & English! 🌎,feliciarapoport,pending,2026-09-24
https://www.linkedin.com/in/femi-timipre-eguen-127b16133,Femi Timipre Eguen,,femi-timipre-eguen-127b16133,ok,2026-09-24
https://www.linkedin.com/in/flavieprevot,Flavie Prevot,,flavieprevot,ok,2026-09-24
https://www.linkedin.com/in/floriancharpentier,Florian Charpentier,,floriancharpentier,ok,2026-09-24
https://www.linkedin.com/in/florian-py,Florian Py,,florian-py,ok,2026-09-24
https://www.linkedin.com/in/floriane-bardet,Floriane BARDET,,floriane-bardet,ok,2026-09-24
https://www.linkedin.com/in/floriane-franco,Floriane Franco,,floriane-franco,ok,2026-09-24
https://www.linkedin.com/in/fdemoncade,Foulques de Moncade,Déjà bloqué par ton influvoleur préféré,fdemoncade,pending,2026-09-24
https://www.linkedin.com/in/gael-collet,Gael COLLET,Email marketing agency for e-commerce,gael-collet,pending,2026-09-24
https://www.linkedin.com/in/gaetan-redin,Gaëtan Redin 👨🏼‍💻,,gaetan-redin,ok,2026-09-24
https://www.linkedin.com/in/genevi%C3%A8vestevelinck,Geneviève Stevelinck,Information Officer - Management Assistant,genevi%C3%A8vestevelinck,pending,2026-09-24
https://www.linkedin.com/in/georges-monteiro-%F0%9F%90%BF%EF%B8%8F-0b8423142,Georges MONTEIRO 🐿️,,georges-monteiro-%F0%9F%90%BF%EF%B8%8F-0b8423142,ok,2026-09-24
https://www.linkedin.com/in/hajar-lamjadab,Hajar LAMJADAB ✌🏻,,hajar-lamjadab,ok,2026-09-24
https://www.linkedin.com/in/expert-siteweb-wordpress,Harry Porcu,,expert-siteweb-wordpress,ok,2026-09-24
https://www.linkedin.com/in/hervegakpe,Hervé Gakpé,CoFounder @Minah | 50P’24 | Part Time CFO,hervegakpe,pending,2026-09-24
https://www.linkedin.com/in/ilann-temam-726666144,Ilann Temam,Fondateur et CEO chez HelloMac | Spécialiste du reconditionnements de MacBook,ilann-temam-726666144,pending,2026-09-24
https://www.linkedin.com/in/faust4mcreate,Inès Vazquez 🐒,,faust4mcreate,ok,2026-09-24
https://www.linkedin.com/in/jade-blin-brand-designer,Jade Blin,,jade-blin-brand-designer,ok,2026-09-24
https://www.linkedin.com/in/jadecharrier,Jade C.,,jadecharrier,ok,2026-09-24
https://www.linkedin.com/in/james-arbacette,James Arbacette ✴️,DSI | Property & Digital Manager | Automatisation des processus métiers | Ex-Militaire (Cybersécurité),james-arbacette,pending,2026-09-24
https://www.linkedin.com/in/jeancharlessalvin,Jean Charles Salvin,,jeancharlessalvin,ok,2026-09-24
https://www.linkedin.com/in/upjbcousin,Jean-Baptiste Cousin,Partner Alfred.builders | Le logiciel qui respecte enfin votre savoir-faire !,upjbcousin,pending,2026-09-24
https://www.linkedin.com/in/jerome-guyot-pmp-emba,"Jérôme GUYOT, PMP",,jerome-guyot-pmp-emba,ok,2026-09-24
https://www.linkedin.com/in/jeromeknops,Jérôme Knops,,jeromeknops,ok,2026-09-24
https://www.linkedin.com/in/florentdalbensalles,Jochen Ravache,,florentdalbensalles,ok,2026-09-24
https://www.linkedin.com/in/jonathan-sia-30537016,Jonathan SIA,MHE Project manager,jonathan-sia-30537016,pending,2026-09-24
https://www.linkedin.com/in/jordandjebali,Jordan Djebali,L’IA rendu simple. Vu sur LuxRadio 🎙️,jordandjebali,pending,2026-09-24
https://www.linkedin.com/in/julien-bgt,Julien BIGOT,J’accompagne les entreprises B2B à rationaliser et optimiser leurs performances publicitaires - LinkedIn Ads l Google Ads l Meta Ads,julien-bgt,pending,2026-09-24
https://www.linkedin.com/in/julienlesourd,Julien Lesourd,"Recruteur, Formateur RH et IA",julienlesourd,pending,2026-09-24
https://www.linkedin.com/in/leroy-juliette,Juliette Leroy ☀️,,leroy-juliette,ok,2026-09-24
https://www.linkedin.com/in/juliette-roudaut-daga,Juliette Roudaut Daga,Conseillère Immobilier à Boulogne-Billancourt et Paris Ouest,juliette-roudaut-daga,pending,2026-09-24
https://www.linkedin.com/in/justineleite,Justine Leite,"Office Manager freelance pour TPE/PME | Administratif, comptabilité & RH externalisés | Gain de temps & sérénité pour dirigeants",justineleite,pending,2026-09-24
https://www.linkedin.com/in/justinenoelghostwriter,Justine Noel,DG & Content Strategist @Beyond Growth | On aide les associations et les entreprises à impact à trouver de nouveaux Mécènes/Clients via Linkedin | Recrutement & Animation des bénévoles pour l’ADIE Lyon 🌞,justinenoelghostwriter,pending,2026-09-24
https://www.linkedin.com/in/kellyzizine,Kelly ZIZINE,,kellyzizine,ok,2026-09-24
https://www.linkedin.com/in/kemal-moustoifa-3086ab138,Kemal Moustoifa,"🎩 Architecte de marques mémorables  | Sculptons votre Branding & votre Storytelling pour captiver, engager et convertir votre audience.",kemal-moustoifa-3086ab138,pending,2026-09-24
https://www.linkedin.com/in/kevin-ouinsou,Kevin OUINSOU,J’analyse comment tu vends pour trouver où tu peux vendre plus et les solutions pour y arriver | 4h d’investigation | 7 jours d’analyse | Plan d’action 90 jours | +145 entrepreneurs accompagnés en 3 ans,kevin-ouinsou,pending,2026-09-24
https://www.linkedin.com/in/khalil-ahmed-fr,Khalil Ahmed,,khalil-ahmed-fr,ok,2026-09-24
https://www.linkedin.com/in/laetitiafall,Laetitia FALL,,laetitiafall,ok,2026-09-24
https://www.linkedin.com/in/laura-dipisa,Laura Dipisa,Bras droit stratégique & opérationnel | OBM | J’interviens lorsque l’entreprise grandit mais que son fonctionnement ne suit plus ⚡️,laura-dipisa,pending,2026-09-24
https://www.linkedin.com/in/laurentgallen,Laurent Gallen,,laurentgallen,ok,2026-09-24
https://www.linkedin.com/in/laurinejardin,Laurine JARDIN 🍊,,laurinejardin,ok,2026-09-24
https://www.linkedin.com/in/l%C3%A9a-depoulain-a21535164,Léa DEPOULAIN,,l%C3%A9a-depoulain-a21535164,ok,2026-09-24
https://www.linkedin.com/in/liliansevoumian,Lilian Sevoumian,"🌀 Automatisation & agents IA | J’automatise ce que vos équipes font encore à la main | augmentes.fr | n8n & Make | Formateur, +300 élèves",liliansevoumian,pending,2026-09-24
https://www.linkedin.com/in/lisa-de-meyer-business-confidante,Lisa De Meyer,,lisa-de-meyer-business-confidante,ok,2026-09-24
https://www.linkedin.com/in/loriane-thomas,Loriane Thomas ✍🏾,📧 Crée des liens authentiques tout en augmentant ton CA grâce aux e-mails |🎙️Créatrice du podcast Orèma,loriane-thomas,pending,2026-09-24
https://www.linkedin.com/in/louise-delabre-lequilibredulieu,Louise Delabre 🏠,Géobiologue | J’accompagne les indépendants et les dirigeants conscient que leur lieu de travail impacte leur bien-être et leur performance à en faire un espace qui les soutient vraiment | France,louise-delabre-lequilibredulieu,ok,2026-09-24
https://www.linkedin.com/in/louisemourey,Louise Mourey,Ton contenu te prend trop de temps ? Crée un mois de contenu en une journée en installant le @système de la flemme (lien en sélection à la une ⭣),louisemourey,pending,2026-09-24
https://www.linkedin.com/in/lucdeleplanque,Luc Deleplanque ✔️,Auteur ⎮ Intervenant Professeur ⎮ Concepteur Pédagogique ⎮ Technopédagogue  ⎮ Expertise Digitale,lucdeleplanque,pending,2026-09-24
https://www.linkedin.com/in/luc-delaure,Luc-Delaure Yatchokeu,,luc-delaure,ok,2026-09-24
https://www.linkedin.com/in/lucas-laporte,Lucas Laporte,,lucas-laporte,ok,2026-09-24
https://www.linkedin.com/in/lucas-lhemery,Lucas Lhemery,Growth Manager · CRO & funnels de vente ⎪ 60+ dispositifs d’acquisition et de conversion construits ⎪ Je capte le CA qui fuit entre ton audience et ton offre.,lucas-lhemery,pending,2026-09-24
https://www.linkedin.com/in/lucileb,Lucile Barberet,I train and support entrepreneurs and SME to shine on social networks | Personal branding | Copywriting | Ghostwriting | Head of communication @Handicap International,lucileb,pending,2026-09-24
https://www.linkedin.com/in/lucille-misslin,Lucille Misslin,,lucille-misslin,ok,2026-09-24
https://www.linkedin.com/in/ludivine-amevor-socialmedia,Ludivine Amevor ⭐️,Social media manager + Créatrice de contenus 🚀 TOP 15 Créateurs Linkedin Catégorie Social media France + 200 professionnels formés,ludivine-amevor-socialmedia,pending,2026-09-24
https://www.linkedin.com/in/ludivine-gil,Ludivine Gil ☀️,,ludivine-gil,ok,2026-09-24
https://www.linkedin.com/in/luther-akossou,Luther Akossou 🟠,Head of Design @LK360 ➜ Je rends ton image attractive aux clients premium. Signature Visuelle™ ➜ Génére des rdv pré-qualifiés sans même parler. Je scanne ta DA linkedin ➜ Clique sur le lien 👇🏾,luther-akossou,pending,2026-09-24
https://www.linkedin.com/in/ma%C3%ABlle-moreira-da-silva,Maëlle Moreira Da-Silva,,ma%C3%ABlle-moreira-da-silva,ok,2026-09-24
https://www.linkedin.com/in/malaurybodin,Malaury Bodin,On prospecte gratuitement pour vous → Vous ne payez que les rendez-vous obtenus l COO & Chief of Staff @Incentive l B2B Copywriter & Linkedin Ghostwriter,malaurybodin,pending,2026-09-24
https://www.linkedin.com/in/manon-verbeke-design,Manon Verbeke,,manon-verbeke-design,ok,2026-09-24
https://www.linkedin.com/in/marcelle-idemboxes-,Marcelle Konan,,marcelle-idemboxes-,ok,2026-09-24
https://www.linkedin.com/in/mariebretaudeau,Marie BRETAUDEAU,Responsable marketing & communication  | MBA Marketing Digital & IA | Structuration · Déploiement · Pilotage,mariebretaudeau,pending,2026-09-24
https://www.linkedin.com/in/marievegas,Marie Vegas Caradeuc 🌿 Wonder Organizer,J’aide les dirigeants surchargés à structurer leur business grâce à une organisation sur-mesure & durable🌿| Notion-Process-Espaces | Consultante | Formatrice | Conférencière en Organisation Responsable,marievegas,pending,2026-09-24
https://www.linkedin.com/in/marinesoichot,Marine (Pétroline) Soichot,,marinesoichot,ok,2026-09-24
https://www.linkedin.com/in/marine-dupray%F0%9F%91%A9%F0%9F%8F%BC%E2%80%8D%F0%9F%92%BB-297a35156,Marine Dupray👩🏼‍💻,,marine-dupray%F0%9F%91%A9%F0%9F%8F%BC%E2%80%8D%F0%9F%92%BB-297a35156,pending,2026-09-24
https://www.linkedin.com/in/marjolainenguyen,Marjolaine Nguyen,Virtual assistant,marjolainenguyen,ok,2026-09-24
https://www.linkedin.com/in/mathieu-pereira-trevit,Mathieu Pereira,💸 J'aide les agents immobiliers à vendre vite et mieux grâce à la méthode TREVIT  |  Co fondateur @TREVIT  |  Directeur opérationnel,mathieu-pereira-trevit,pending,2026-09-24
https://www.linkedin.com/in/mathieu-visiere-framer-expert,Mathieu Visière,,mathieu-visiere-framer-expert,ok,2026-09-24
https://www.linkedin.com/in/ACoAACuL-bYBUDdLYOEIbN-n-jUtb1I-eEFX8jw,Mattéo DE SA,,ACoAACuL-bYBUDdLYOEIbN-n-jUtb1I-eEFX8jw,ok,2026-09-24
https://www.linkedin.com/in/maureen-philips,Maureen Philips,,maureen-philips,ok,2026-09-24
https://www.linkedin.com/in/maximesciare,Maxime Sciare,,maximesciare,ok,2026-09-24
https://www.linkedin.com/in/mehdibenkaci,Mehdi Benkaci,"Founder @KOSMO® — cool creative ads for cool creative brands | Netflix, Pringles, Zalando, Renault, Miele...",mehdibenkaci,pending,2026-09-24
https://www.linkedin.com/in/m%C3%A9lanie-rabineau-8573204a,Mélanie Rabineau,,m%C3%A9lanie-rabineau-8573204a,ok,2026-09-24
https://www.linkedin.com/in/mythily-kasippilai,Mythily Kasippilai,"🍸 Visual Content Strategist & Photographer for Food, Beverage (CPG, FMCG) & Hospitality brands | Turning visual intention into brands that get chosen, not just seen. Based in Lyon, available worldwide.",mythily-kasippilai,pending,2026-09-24
https://www.linkedin.com/in/nathalie-gaudey-assistante-ind%C3%A9pendante,Nathalie GAUDEY,🔶 Assistante Externalisée High Level - Trilingue anglais-allemand 🔶 Je suis l’atout Gain de Temps des dirigeants TPE/PME voulant déléguer leur suivi administratif/commercial/digital et se consacrer à leur activité,nathalie-gaudey-assistante-ind%C3%A9pendante,pending,2026-09-24
https://www.linkedin.com/in/nelly-kempf-optimisation-seo,Nelly Kempf,,nelly-kempf-optimisation-seo,ok,2026-09-24
https://www.linkedin.com/in/nicolas-bayart-investissement-immobilier,Nicolas Bayart 🦌,🏀 L’investisseur fan de NBA - co-fondateur @ TheLab et @ blockrenter - Amoureux d’Immo et J’analyse les investissements préférés de vos joueurs préférés 🏀,nicolas-bayart-investissement-immobilier,pending,2026-09-24
https://www.linkedin.com/in/nicolas-goncalves-858290223,Nicolas Goncalves,Digital Project Manager at My Music Ads | Student at EMIC Paris,nicolas-goncalves-858290223,pending,2026-09-24
https://www.linkedin.com/in/olivierlotter,Olivier LOTTER,,olivierlotter,ok,2026-09-24
https://www.linkedin.com/in/ACoAADTBF_0BiCswWGsnUHSL9C0rZ6jM2zXMpb8,Orane Janvier,,ACoAADTBF_0BiCswWGsnUHSL9C0rZ6jM2zXMpb8,ok,2026-09-24
https://www.linkedin.com/in/patricedornon,Patrice Dornon,Développeur fullstack @ezacae | 🛠️  Certifié Xano | ⚙️ Expert Make (niv.4) | On développe vos applications web & mobiles sur mesure pour accélérer votre transformation digitale.,patricedornon,pending,2026-09-24
https://www.linkedin.com/in/patrice-l-987129105,Patrice L.,,patrice-l-987129105,ok,2026-09-24
https://www.linkedin.com/in/pauline-stempert,Pauline Stempert,,pauline-stempert,ok,2026-09-24
https://www.linkedin.com/in/mahepriscille,Priscille MAHE,,mahepriscille,ok,2026-09-24
https://www.linkedin.com/in/quentin-garel1,Quentin GAREL,,quentin-garel1,ok,2026-09-24
https://www.linkedin.com/in/raphaelauriac,Raphaël Auriac,"Founder & Creative Director @ La rampe → Branding digital & Sites marketing | +65 clients (Karaté Bushido, Manuscry, Bump., Fitness Camp, KOSMO®...)",raphaelauriac,ok,2026-09-24
https://www.linkedin.com/in/remy-ayoub,Rémy Ayoub ✨️,J’organise des évènements engagés et engageants  🎉🌳 I Président / Organisateur TEDx Bordeaux 🎤💭,remy-ayoub,pending,2026-09-24
https://www.linkedin.com/in/riannmassamba,Riann Massamba,Online Business Manager,riannmassamba,pending,2026-09-24
https://www.linkedin.com/in/ricardofernandes-pro,Ricardo Fernandes,Biz Ops Manager chez @IAD | IA & automatisation,ricardofernandes-pro,pending,2026-09-24
https://www.linkedin.com/in/romain-belhaire,Romain Belhaire,Senior Product Manager | +9 ans d’XP sur 5 projets (app mobile B2C et SaaS B2B) | Vibe coder avec l’IA | Passionné de Tennis 🎾,romain-belhaire,pending,2026-09-24
https://www.linkedin.com/in/romain-mac%C3%A9-561686105,Romain MACÉ,J’aide les PME et entrepreneurs à gagner 🚀 en productivité et simplifier leur quotidien 💫 en automatisant 🪄 les taches récurrentes sans valeur ajoutée. | Consultant en automatisation & transformation digitale 💻,romain-mac%C3%A9-561686105,pending,2026-09-24
https://www.linkedin.com/in/romanem,Romane Moreira ☀️,,romanem,ok,2026-09-24
https://www.linkedin.com/in/romutisserand,Romuald Tisserand,Head of Product & Design | B2B SaaS | Stratégie · Leadership · Go-To-Market | Structuration 0→1 | 3 produits lancés en 5 ans · 7 pays,romutisserand,pending,2026-09-24
https://www.linkedin.com/in/ACoAAAyy6A8BPf1WGmlGI2UUwvDLX4tIxpzpRrk,Salim Belaid,,ACoAAAyy6A8BPf1WGmlGI2UUwvDLX4tIxpzpRrk,pending,2026-09-24
https://www.linkedin.com/in/salim-kheloufi-349208a8,Salim KHELOUFI,responsable de gestion chez laboratoire d'analyses médicales,salim-kheloufi-349208a8,pending,2026-09-24
https://www.linkedin.com/in/salom%C3%A9-hassan-22138b153,Salomé Hassan,,salom%C3%A9-hassan-22138b153,pending,2026-09-24
https://www.linkedin.com/in/samuel-germain,Samuel GERMAIN,,samuel-germain,ok,2026-09-24
https://www.linkedin.com/in/sarahtoilliez,Sarah T.,,sarahtoilliez,ok,2026-09-24
https://www.linkedin.com/in/seheno-maitre-coo,Seheno Maitre,,seheno-maitre-coo,ok,2026-09-24
https://www.linkedin.com/in/she%C3%AFma-e,Sheïma E.,,she%C3%AFma-e,ok,2026-09-24
https://www.linkedin.com/in/shirley-chantraine,Shirley Chantraine 🧠,Persuader par la psychologie → Déclencher l’achat｜Consultante en Persuasion digitale｜+3500 marketeurs lisent No Brain No Gain 👇,shirley-chantraine,pending,2026-09-24
https://www.linkedin.com/in/sofianehadine,Sofiane Hadine ⛓️‍💥,Solopreneur → Libère +58H/mois grâce à la Productivité Asymétrique & aux Systèmes Anti-Chaos (+902 solopreneurs libérés),sofianehadine,pending,2026-09-24
https://www.linkedin.com/in/sol%C3%A8ne-baillard,Solène Baillard,,sol%C3%A8ne-baillard,ok,2026-09-24
https://www.linkedin.com/in/solenne-perrin-houdon-68580022,Solenne Perrin-Houdon,Interior Design / Project management /  international business,solenne-perrin-houdon-68580022,pending,2026-09-24
https://www.linkedin.com/in/solo-goudiaby,Solo Goudiaby,Référent Digital Certifié🎓| Digital Strategist♟️| Social Media Manager📢 | Coach - Formateur💡,solo-goudiaby,pending,2026-09-24
https://www.linkedin.com/in/sophie-sibieta-lpae,Sophie SIBIETA,Fondatrice de LE PIED À L’ÉTRIER | J’aide les dirigeants et leurs équipes à y voir plus clair,sophie-sibieta-lpae,pending,2026-09-24
https://www.linkedin.com/in/st%C3%A9phane-r%C3%A9gnault,Stéphane Régnault,"Kinésithérapeute | J’aide les professionnels de santé à automatiser leur cabinet pour gagner du temps, réduire la charge mentale et sécuriser leurs données patients",st%C3%A9phane-r%C3%A9gnault,pending,2026-09-24
https://www.linkedin.com/in/stephanie-ferre-lelievre,Stéphanie Ferré Lelièvre,,stephanie-ferre-lelievre,ok,2026-09-24
https://www.linkedin.com/in/stephanie-obm,Stéphanie Nirina,"Je pilote l’opérationnel des coachs et experts : quotidien, équipe et lancements, pour que ton business tourne sans toi | Bras Droit Opérationnel | Online Business Manager (OBM) Francophone",stephanie-obm,pending,2026-09-24
https://www.linkedin.com/in/st%C3%A9phanie-plavinet,Stéphanie P.,,st%C3%A9phanie-plavinet,ok,2026-09-24
https://www.linkedin.com/in/assistantevirtuelle,Stinah VA,,assistantevirtuelle,ok,2026-09-24
https://www.linkedin.com/in/stiveldahyot,Stivel Dahyot,"🚀 Google Ads Growth Partner | Driving €13M/year in ad spend | Trusted by Ulys, Alan, Bobochic, Yespark, École Polytechnique & Maison Colibri | 120+ brands scaled with data-driven SEA expertise 📈",stiveldahyot,pending,2026-09-24
https://www.linkedin.com/in/morgane-jaouen-hotel-career,Sylvie Stevanovic,,morgane-jaouen-hotel-career,ok,2026-09-24
https://www.linkedin.com/in/tamaradhieuxia,Tamara DHIEUX,"Orchestratrice IA en Polynésie | J’accompagne indépendants et petites entreprises de Moorea (BTP, Airbnb) dans une IA simple et concrète au quotidien",tamaradhieuxia,pending,2026-09-24
https://www.linkedin.com/in/th%C3%A9ophile-burnet,Théophile Burnet ⚡️,,th%C3%A9ophile-burnet,ok,2026-09-24
https://www.linkedin.com/in/thibault-chancerelle-motion-design,Thibault Chancerelle,Motion Design pour SaaS & Fintechs | Ads · Explainers · Onboarding - de l’acquisition à l’adoption,thibault-chancerelle-motion-design,pending,2026-09-24
https://www.linkedin.com/in/thierry-labbe-9976b3a2,Thierry Labbe,Manager de Transition DAF | Directeur Financier de crise et de croissance | Expert RSE et Bilan Carbone | PME  ETI | 35 ans d’expérience  | Je structure vos finances et déploie votre RSE,thierry-labbe-9976b3a2,pending,2026-09-24
https://www.linkedin.com/in/tsouchard,Thierry SOUCHARD,,tsouchard,ok,2026-09-24
https://www.linkedin.com/in/thomas--dubois,Thomas Dubois (Expert Shopify),,thomas--dubois,ok,2026-09-24
https://www.linkedin.com/in/valentinfurnion,Valentin F.,passionné par l’occasion j’en ai fait mon métier 👕♻️,valentinfurnion,pending,2026-09-24
https://www.linkedin.com/in/valerie-perey-10a47a1b,Valerie Perey,Fondatrice – VAL BACK OFFICE | Accompagnement administratif des dirigeants | Structuration & pilotage administratif | TPE • PME • Associations,valerie-perey-10a47a1b,pending,2026-09-24
https://www.linkedin.com/in/valerietrienpont,Valérie TRIENPONT,,valerietrienpont,ok,2026-09-24
https://www.linkedin.com/in/vincent-nicolas-32606aa4,Vincent NICOLAS,"Organisation et automatisation pour architecte, maître d’œuvre, gros œuvre, second œuvre. Moins de paperasse, plus de chantier.",vincent-nicolas-32606aa4,pending,2026-09-24
https://www.linkedin.com/in/virginie-guyot,Virginie GUYOT,,virginie-guyot,ok,2026-09-24
https://www.linkedin.com/in/ventura-william,William Ventura,CEO LightWeb ➔ Je fais exploser ta visibilité en ligne avec un site web qui gifle la concurrence | 💡 Je te partage des hacks en webdesign chaque semaine ➔ Abonne-toi,ventura-william,pending,2026-09-24
https://www.linkedin.com/in/yandegive,Yan Degive,Consultant Web | Je simplifie ton écosystème numérique 💻,yandegive,pending,2026-09-24
https://www.linkedin.com/in/yo%C3%ABl-delouya-859895b2,Yoël Delouya,,yo%C3%ABl-delouya-859895b2,ok,2026-09-24
https://www.linkedin.com/in/yohancallet,Yohan Callet,"J’automatise votre business avec n8n, agents IA & système RAG",yohancallet,pending,2026-09-24
https://www.linkedin.com/in/youcef-beloudini,Youcef Beloudini,IT Operations & Transformation Leader,youcef-beloudini,pending,2026-09-24
https://www.linkedin.com/in/zo%C3%A9-oz%C3%A9-strategiedecommunication,Zoé Ciesielski,,zo%C3%A9-oz%C3%A9-strategiedecommunication,ok,2026-09-24
