profile_url,nom,headline,identifiant,etat,listes
https://www.linkedin.com/in/abdenbiamirache,Abdenbi Amirache,Président co-fondateur Groupe @Wellnest Society .,abdenbiamirache,pending,@AllanDubos⎜Following
https://www.linkedin.com/in/abou-pierre-kane-46981321,Abou Pierre Kane,IT Manager,abou-pierre-kane-46981321,pending,@MaevaPlichard followers
https://www.linkedin.com/in/adel-hamzaoui,Adel Hamzaoui,Chef Département Offres Postpaid,adel-hamzaoui,pending,@MaevaPlichard followers
https://www.linkedin.com/in/ACoAAByODXcB4QfbWXuOD9TegObZOlk9jJ56wf8,Adri Peyruse,,ACoAAByODXcB4QfbWXuOD9TegObZOlk9jJ56wf8,pending,Good ones
https://www.linkedin.com/in/adrien-paganelli,Adrien P.,Prévisionnel et Pilotage Collaboratif  | Marque blanche | 🚀 Optimisez vos missions de conseils,adrien-paganelli,pending,@MaevaPlichard followers
https://www.linkedin.com/in/ACoAAAf9dIMBk_nVznSG1NvdA77tfrQ-aac7vcE,Alain Genin,,ACoAAAf9dIMBk_nVznSG1NvdA77tfrQ-aac7vcE,ok,Créateurs dans l'Immo
https://www.linkedin.com/in/alban-lefebvre,Alban Lefebvre,,alban-lefebvre,ok,@AllanDubos⎜Following
https://www.linkedin.com/in/alexandragannat,Alexandra Gannat,"I recruit corporate talents who make your grocery experience memorable 🛒 From local Franprix to lifestyle Monoprix, and behind the scenes @Casino Group 🟢 | Employer Branding Trainer @Talent Catcher | Advisor @Jarvi 🚀",alexandragannat,pending,@MaevaPlichard followers | Réciprocité N°1
https://www.linkedin.com/in/alexandre-amrhein-jaidi-customer-service,Alexandre Amrhein Jaidi,,alexandre-amrhein-jaidi-customer-service,ok,@MaevaPlichard followers | Réciprocité N°1
https://www.linkedin.com/in/alexandredesousa,Alexandre DE SOUSA,,alexandredesousa,ok,@MaevaPlichard followers | Réciprocité N°1
https://www.linkedin.com/in/ACoAAAL4wNMBP_-nMAJS1-9SGSCNm3w8rDMcA0M,Alexandre Toussaint,,ACoAAAL4wNMBP_-nMAJS1-9SGSCNm3w8rDMcA0M,pending,Clients
https://www.linkedin.com/in/alexandre-vergnaud-knowledgia,Alexandre Vergnaud ♦️,,alexandre-vergnaud-knowledgia,ok,@AllanDubos⎜Following
https://www.linkedin.com/in/alexia-rivier,Alexia Rivier,,alexia-rivier,ok,@MaevaPlichard followers
https://www.linkedin.com/in/alexis-bied-sanala,Alexis Bied 🟠🔵,,alexis-bied-sanala,ok,@MaevaPlichard followers | Réciprocité N°1
https://www.linkedin.com/in/ACoAACIrShMBWtJdJWxjEzrKeFOH_BIXFFbDH0Y,Alexis Bouvet,,ACoAACIrShMBWtJdJWxjEzrKeFOH_BIXFFbDH0Y,ok,Réciprocité N°1
https://www.linkedin.com/in/ACoAACD1KvgB36Gn2gRE2ui_pkBnUkznfhb60vY,Alexis Makounga 👒,,ACoAACD1KvgB36Gn2gRE2ui_pkBnUkznfhb60vY,ok,Good ones
https://www.linkedin.com/in/alice-reboul,Alice Reboul,,alice-reboul,ok,@MaevaPlichard followers | Réciprocité N°1
https://www.linkedin.com/in/alissaintuitae,Alissa R.,,alissaintuitae,ok,@MaevaPlichard followers
https://www.linkedin.com/in/alize-moreira-seo,Alizé Moreira,,alize-moreira-seo,ok,@MaevaPlichard followers
https://www.linkedin.com/in/allandubos,Allan Dubos,,allandubos,ok,@MaevaPlichard followers | Réciprocité N°1
https://www.linkedin.com/in/anaelle-laurens,Anaelle Laurens 🍹,,anaelle-laurens,ok,@MaevaPlichard followers
https://www.linkedin.com/in/anaisayrault,Anaïs Ayrault,,anaisayrault,ok,@MaevaPlichard followers
https://www.linkedin.com/in/ana%C3%AFs-remaoun-b5668754,Anaïs Remaoun,"Experte en Financement👩🏻‍💻 4800 Pros de l’immo accompagnés // Co-Fondatrice du cabinet @auditandcoverage, de la startup @Galee.io et de l'incubateur @LaReleve 🚀Entrepreneur Addicted 💉Fan de mes patrons de 4 ans👶👶",ana%C3%AFs-remaoun-b5668754,pending,@MaevaPlichard followers | Clients | Réciprocité N°1
https://www.linkedin.com/in/anes-loudhni,Anes L.,,anes-loudhni,ok,@AllanDubos⎜Following
https://www.linkedin.com/in/anja-oliniaina,Anja Oliniaina,"Consultante en structuration d’activité 🌿 Je transforme une organisation dispersée en un système clair, durable et réellement utilisable. Nous le construisons ensemble. Puis je te rends les clés.",anja-oliniaina,pending,@MaevaPlichard followers
https://www.linkedin.com/in/anna-trabaud-b299a3180,Anna Trabaud,Nurse & Founder of Bolus 💉,anna-trabaud-b299a3180,pending,@MaevaPlichard followers
https://www.linkedin.com/in/ACoAAC-A3XEBXeyMGJMhG237PTJYHNhdWgVnwE0,Annabelle Jacquet,,ACoAAC-A3XEBXeyMGJMhG237PTJYHNhdWgVnwE0,ok,@AllanDubos⎜Following | Good ones
https://www.linkedin.com/in/anne-cogrel,Anne Cogrel,,anne-cogrel,ok,@MaevaPlichard followers
https://www.linkedin.com/in/anne-marie-farro,Anne-Marie Farro,Cheffe de projet Freelance en Maîtrise d’Ouvrage à La Réunion.,anne-marie-farro,pending,@MaevaPlichard followers | Réciprocité N°1
https://www.linkedin.com/in/ACoAAA1lncEBiAsJ7SCeiQx1ShreL65-2XEbg4c,Anne-Sophie L.,,ACoAAA1lncEBiAsJ7SCeiQx1ShreL65-2XEbg4c,ok,Good ones
https://www.linkedin.com/in/anthony-ciceron,Anthony Ciceron,,anthony-ciceron,ok,@AllanDubos⎜Following | @MaevaPlichard followers | Réciprocité N°1
https://www.linkedin.com/in/anthony-guiader,Anthony Guiader 🧠 𝘊𝘰𝘢𝘤𝘩 𝘦𝘯 𝘕𝘦𝘶𝘳𝘰-𝘉𝘶𝘴𝘪𝘯𝘦𝘴𝘴,,anthony-guiader,ok,@AllanDubos⎜Following
https://www.linkedin.com/in/anthony-quinchon,Anthony Quinchon,,anthony-quinchon,ok,@MaevaPlichard followers
https://www.linkedin.com/in/apolline-bertaud-ghostwriter,Apolline Bertaud 🦉,Passeuse d’histoires pour entrepreneurs et créateurs passionnés | On raconte ton histoire et celle de tes clients | +20 ans à noircir des carnets | Inspirée par la nature 🦉,apolline-bertaud-ghostwriter,pending,@AllanDubos⎜Following
https://www.linkedin.com/in/ACoAAAy1Qa4BLiMDEaBf1-7or_XmMu9OGRjOCDE,Arnaud Cheminant,,ACoAAAy1Qa4BLiMDEaBf1-7or_XmMu9OGRjOCDE,pending,Clients
https://www.linkedin.com/in/arnauddomergue,Arnaud Domergue,,arnauddomergue,ok,@MaevaPlichard followers | Réciprocité N°1
https://www.linkedin.com/in/arthur-deslandes-05023580,Arthur Deslandes,"CEO & founder @Hyperlity | Campagnes YouTube & programmatiques avec une diffusion premium, maîtrisée et transparente | Contactez-nous",arthur-deslandes-05023580,pending,@MaevaPlichard followers | Réciprocité N°1
https://www.linkedin.com/in/agueidan,Audric Gueidan,,agueidan,ok,@MaevaPlichard followers | Réciprocité N°1
https://www.linkedin.com/in/ACoAACSaQwUBPCT436LK-Xg1rtCNrxFyAJJ2Pis,Augustin Tonnel,,ACoAACSaQwUBPCT436LK-Xg1rtCNrxFyAJJ2Pis,ok,Good ones
https://www.linkedin.com/in/ACoAABRdZF8BIZ2GJ6yw-l8096q_9OnYQGV7FqA,Aurore Fiorentino,,ACoAABRdZF8BIZ2GJ6yw-l8096q_9OnYQGV7FqA,pending,Créateurs dans l'Immo
https://www.linkedin.com/in/aurore-petrus,Aurore Petrus,,aurore-petrus,ok,@AllanDubos⎜Following
https://www.linkedin.com/in/aureliemathew,"Aurélie MATHEW, ACEA®",Office Manager | Office Management & Operations | Workplace | Senior Executive Assistant | Gestion de projets | Process Improvement | Environnement international,aureliemathew,pending,@MaevaPlichard followers
https://www.linkedin.com/in/aur%C3%A9lien-feuillard-647104137,Aurélien Feuillard,"Votre site web, pensé pour convertir et facile à gérer · Code O Carré · Toulouse",aur%C3%A9lien-feuillard-647104137,pending,@MaevaPlichard followers
https://www.linkedin.com/in/axel-allanos,Axel Allanos,COO @Produscale.,axel-allanos,pending,@MaevaPlichard followers | Réciprocité N°1
https://www.linkedin.com/in/ACoAACAr0QMBZF17erNj8uhsmCEHr0jaxuys9ac,Axel Palermo,,ACoAACAr0QMBZF17erNj8uhsmCEHr0jaxuys9ac,pending,Clients
https://www.linkedin.com/in/lerouxclement,Aymeric Baranowski 🐙,Community & Content Manager | CM @ Dufour | Community @ Numbr | Boss @ Communitips | Mini Transat 2029,lerouxclement,ok,@MaevaPlichard followers | Réciprocité N°1
https://www.linkedin.com/in/baptiste-h91,Baptiste H.,Email+Conversion+Rétention pour E-com | On vous fait gagner plus de profit avec le trafic que vous payez déjà | Fondateur The-retention.io 🟢,baptiste-h91,pending,@MaevaPlichard followers | Réciprocité N°1
https://www.linkedin.com/in/barbara-driss,Barbara DRISS,,barbara-driss,ok,@MaevaPlichard followers
https://www.linkedin.com/in/bendli,Bendali ✌️,"Je t’aide à intégrer l’IA dans ton business, pas à pas | Formation et Accompagnement",bendli,pending,@MaevaPlichard followers | Réciprocité N°1
https://www.linkedin.com/in/ACoAADrjNG4BEpd2gHHxMzgESeXy2TNJ5651ns8,Benjamin Dubreu,,ACoAADrjNG4BEpd2gHHxMzgESeXy2TNJ5651ns8,ok,Good ones
https://www.linkedin.com/in/benjamin-landa-23a76a55,Benjamin Landa,Vous avez l’expertise. Il vous manque les mots. Copywriter stratégique · je commence par comprendre votre marché avant d’écrire la première ligne.,benjamin-landa-23a76a55,pending,@MaevaPlichard followers | Réciprocité N°1
https://www.linkedin.com/in/ACoAABNTqBUBkclV4Ud6a7iWEkMpVoc2Df4fEzA,Bertha Malafa,,ACoAABNTqBUBkclV4Ud6a7iWEkMpVoc2Df4fEzA,ok,@MaevaPlichard followers | Notion followers
https://www.linkedin.com/in/bettina-sertori-coach-business,Bettina Sertori,,bettina-sertori-coach-business,ok,@AllanDubos⎜Following
https://www.linkedin.com/in/blas-calvelo-6850751a6,Blas Calvelo,,blas-calvelo-6850751a6,ok,@AllanDubos⎜Following
https://www.linkedin.com/in/bricetrophardy,Brice Trophardy,,bricetrophardy,ok,@MaevaPlichard followers | Réciprocité N°1
https://www.linkedin.com/in/bruno-santos-lopes,Bruno Santos ✨,Consultant SEO en freelance ✨ | Je fais & je vulgarise le SEO pour vous 🫵,bruno-santos-lopes,pending,@MaevaPlichard followers
https://www.linkedin.com/in/brunofridlansky,Bruno · Fridlansky,,brunofridlansky,ok,@MaevaPlichard followers | Réciprocité N°1
https://www.linkedin.com/in/ACoAADweUhEBbtc3yeKrHkkjEo6NMcnv9F_e5iY,Bérangère Habla,,ACoAADweUhEBbtc3yeKrHkkjEo6NMcnv9F_e5iY,pending,Leads
https://www.linkedin.com/in/camille-autrusseau,Camille Autrusseau,,camille-autrusseau,ok,@AllanDubos⎜Following
https://www.linkedin.com/in/ACoAABsTzmIBmId7BeYG__3YYmg7hzuOkOdhw_E,Candice Peyrac Rozières,,ACoAABsTzmIBmId7BeYG__3YYmg7hzuOkOdhw_E,ok,@AllanDubos⎜Following | @MaevaPlichard followers | Good ones
https://www.linkedin.com/in/capucine-gallioz,Capucine Gallioz,,capucine-gallioz,ok,@AllanDubos⎜Following
https://www.linkedin.com/in/carine-escudero-coaching-communication-interpersonnelle,Carine Escudero,,carine-escudero-coaching-communication-interpersonnelle,ok,@MaevaPlichard followers
https://www.linkedin.com/in/caroline-rousset-thoughtleadership,Caroline ROUSSET,,caroline-rousset-thoughtleadership,ok,@AllanDubos⎜Following | @MaevaPlichard followers
https://www.linkedin.com/in/ACoAAAAuvmsBD5Rz9ALSr7zBcQ3YbZgGTmzUufg,Cem SENOZ,,ACoAAAAuvmsBD5Rz9ALSr7zBcQ3YbZgGTmzUufg,pending,Good ones
https://www.linkedin.com/in/ACoAAACc8noB-Jo81A363sAcwVNdSKSHRq_GOTQ,Charles Ruelle,,ACoAAACc8noB-Jo81A363sAcwVNdSKSHRq_GOTQ,ok,Créateurs dans l'Immo | Leads
https://www.linkedin.com/in/charles-elias-farah-investissement,Charles-Elias Farah 🌊,Je t'aide à prendre en main ton avenir financier | Conseiller en investissements et fondateur du média d'éducation financière Le Grand Bain 🌊,charles-elias-farah-investissement,pending,@MaevaPlichard followers | Good ones | Réciprocité N°1
https://www.linkedin.com/in/charles-guy-gilbertas,Charles-Guy (CG) Gilbertas,,charles-guy-gilbertas,ok,@MaevaPlichard followers
https://www.linkedin.com/in/charline-royer,Charline Royer,Je transforme le chaos opérationnel en structure pilotable | Bras droit externalisé pour consultants & formateurs B2B | Spécialiste IA / transformation digitale | OBM,charline-royer,pending,@MaevaPlichard followers
https://www.linkedin.com/in/charlotte-boisard-qualiopi-formation-freelance,Charlotte Boisard,Bras droit opérationnel des dirigeants | Je pilote & structure votre activité | Formation • Qualiopi • Immobilier | +15 ans d’expérience | Freelance,charlotte-boisard-qualiopi-formation-freelance,pending,@MaevaPlichard followers
https://www.linkedin.com/in/charlottedelmal,Charlotte Delmal,,charlottedelmal,ok,@MaevaPlichard followers
https://www.linkedin.com/in/ACoAAAoF9P8BCT49BsXvXBCAyMHQBcCf-4rR5j0,Charly Verchere,,ACoAAAoF9P8BCT49BsXvXBCAyMHQBcCf-4rR5j0,pending,Leads
https://www.linkedin.com/in/cheick-km-003735279,Cheick Km,"➜ We help CEOs (+15K/Month) scale by eliminating what hinders their execution (procrastination, mental overload, self-sabotage) in 87 Days | We Scale the Human Who Scales the Company | +300K Generated by Our Clients ↓ |",cheick-km-003735279,pending,@AllanDubos⎜Following | @MaevaPlichard followers
https://www.linkedin.com/in/christelle-bajard,Christelle BAJARD,,christelle-bajard,ok,@MaevaPlichard followers
https://www.linkedin.com/in/christine-calypso-kan,Christine Calypso KAN,,christine-calypso-kan,ok,@AllanDubos⎜Following
https://www.linkedin.com/in/christine-legrand,Christine Legrand,Responsable Administration Finance ·•· Operations & Finance Manager ⚓ Réserviste opérationnel Marine nationale,christine-legrand,pending,@MaevaPlichard followers
https://www.linkedin.com/in/christophe-bauquet,Christophe Bauquet,,christophe-bauquet,ok,Leads
https://www.linkedin.com/in/ckris-bonjean,Ckris BONJEAN,,ckris-bonjean,ok,@MaevaPlichard followers
https://www.linkedin.com/in/claireassistantebienetre,Claire Brossard,,claireassistantebienetre,ok,@MaevaPlichard followers
https://www.linkedin.com/in/clairedurandgcd,Claire D.,Deviens l’alliée n°1 des pros du bâtiment 👷🏼‍♀️ | Formations Appels d’offres & Gestion administrative | +100 étudiants formés,clairedurandgcd,ok,@MaevaPlichard followers
https://www.linkedin.com/in/ACoAACJeZGoB0kh8gbd_uGg4PSuFOV_EcYoP3wo,Clara Liagre,,ACoAACJeZGoB0kh8gbd_uGg4PSuFOV_EcYoP3wo,ok,Clients
https://www.linkedin.com/in/clara-odekerken-%E2%98%80%EF%B8%8F-17a67ab3,Clara Odekerken ☀️,,clara-odekerken-%E2%98%80%EF%B8%8F-17a67ab3,ok,@MaevaPlichard followers
https://www.linkedin.com/in/thominclemence,Clémence Thomin,Co-fondatrice de Mamily I Ex-Axeleo Capital,thominclemence,pending,Leads
https://www.linkedin.com/in/ACoAAA7jGXIBK08-50-DJrSERiSLkGyeB2UcxPg,Clément Escande,,ACoAAA7jGXIBK08-50-DJrSERiSLkGyeB2UcxPg,pending,Leads
https://www.linkedin.com/in/ACoAACKJk08BCZKNovKua8qxfg1jb0rL6gFkLCI,Clément LECHIPEY,,ACoAACKJk08BCZKNovKua8qxfg1jb0rL6gFkLCI,ok,Créateurs dans l'Immo
https://www.linkedin.com/in/ACoAACCuxuoBWVxT-LFFEkgtrcLBsiMMQXOpb6Q,Clément Rejneri 🔥,,ACoAACCuxuoBWVxT-LFFEkgtrcLBsiMMQXOpb6Q,ok,@AllanDubos⎜Following | @MaevaPlichard followers | Good ones | Notion followers
https://www.linkedin.com/in/clementinecaillon,Clémentine Caillon 🍊,,clementinecaillon,ok,@AllanDubos⎜Following
https://www.linkedin.com/in/corentin-cailleau-business,Corentin Cailleau,,corentin-cailleau-business,ok,@MaevaPlichard followers
https://www.linkedin.com/in/corentin-semence-coala,Corentin SEMENCE,,corentin-semence-coala,ok,@MaevaPlichard followers | Réciprocité N°1
https://www.linkedin.com/in/corine-bataillon,Corine BATAILLON,"Passe d'entrepreneur débordé à maître de l'organisation, sans prise de tête !! Plus d'excuses, juste des résultats : ton business tourne, tu respires enfin !",corine-bataillon,pending,@MaevaPlichard followers
https://www.linkedin.com/in/cyprien-delapierre,Cyprien Delapierre,Identité visuelle & Stratégie marketing | Co-fondateur @Turbine | 100% PME industrielles françaises,cyprien-delapierre,pending,@MaevaPlichard followers | Réciprocité N°1
https://www.linkedin.com/in/ACoAAARDAqAB4UoslRUcvaYzejsU0QIEYy303q4,Cyrille Pailleret,,ACoAAARDAqAB4UoslRUcvaYzejsU0QIEYy303q4,pending,Leads
https://www.linkedin.com/in/ceciledemai,Cécile DEMAI,,ceciledemai,ok,@MaevaPlichard followers
https://www.linkedin.com/in/ACoAAEI3OW0B2IHvLuOVU4fQJiwTZr2JxqX_630,Cécile LAPP,,ACoAAEI3OW0B2IHvLuOVU4fQJiwTZr2JxqX_630,ok,Créateurs dans l'Immo
https://www.linkedin.com/in/cedricave,Cédric Avé,"Je mets en place un système d’agents IA qui automatise ton acquisition, tes relances et ton suivi client en 30 jours pour te faire gagner du temps et sécuriser plus de clients.",cedricave,ok,@MaevaPlichard followers
https://www.linkedin.com/in/c%C3%A9dric-laporte-3246a0171,Cédric Laporte,,c%C3%A9dric-laporte-3246a0171,ok,@AllanDubos⎜Following
https://www.linkedin.com/in/c%C3%A9line-du-rivau-strategie,Céline du Rivau ⚓️ Ton phare business,,c%C3%A9line-du-rivau-strategie,ok,@AllanDubos⎜Following | @MaevaPlichard followers
https://www.linkedin.com/in/dagan-thomas-b37799215,Dagan THOMAS,Assistant Marketing chez Boost Conversion,dagan-thomas-b37799215,pending,@MaevaPlichard followers
https://www.linkedin.com/in/damien-beauvais,Damien Beauvais,,damien-beauvais,ok,@AllanDubos⎜Following
https://www.linkedin.com/in/davidadanero,David (🌱Dada) ADANERO,,davidadanero,ok,@MaevaPlichard followers | Réciprocité N°1
https://www.linkedin.com/in/david-boschet,David B.,,david-boschet,ok,@MaevaPlichard followers
https://www.linkedin.com/in/david-belley-fortin,David Belley-Fortin,Helping service business systematize their operations through custom built digital solutions.,david-belley-fortin,pending,@MaevaPlichard followers | Réciprocité N°1
https://www.linkedin.com/in/davidtangconsulting,David Tang,Chef de Projet Digital Senior | AMOA | Consultant Freelance | Ex-consultant chez Moët Hennessy & Disneyland Paris,davidtangconsulting,pending,@MaevaPlichard followers
https://www.linkedin.com/in/delphineblanc-,Delphine Blanc.,,delphineblanc-,ok,@MaevaPlichard followers
https://www.linkedin.com/in/dimitri-ageon,Dimitri Ageon 🥷🏻,,dimitri-ageon,ok,@AllanDubos⎜Following | @MaevaPlichard followers
https://www.linkedin.com/in/dimitri-klopfstein,Dimitri Klopfstein,Ingénieur pédagogique & développeur. Je conçois vos formations et les outils numériques qui les portent,dimitri-klopfstein,pending,@MaevaPlichard followers
https://www.linkedin.com/in/dimitriribal,Dimitri Ribal,,dimitriribal,ok,@MaevaPlichard followers | Réciprocité N°1
https://www.linkedin.com/in/ACoAABTEKpgB0uCXUijzH3UStL1oZelGzYMIsdA,Dorian FOURNIER,,ACoAABTEKpgB0uCXUijzH3UStL1oZelGzYMIsdA,ok,Créateurs dans l'Immo
https://www.linkedin.com/in/dorian-soler-%E2%98%80%EF%B8%8F-254915147,Dorian Soler ☀️,J’aide les dirigeants et leurs équipes à dépasser leurs limites 🧠 | Séminaires haute montagne & Conférences 🏔️ | Producteur du film “Au-delà des 3000” 🎥 | TEDx Speaker | Auteur du livre “Osons les difficultés”,dorian-soler-%E2%98%80%EF%B8%8F-254915147,ok,@AllanDubos⎜Following
https://www.linkedin.com/in/dylan-guion-b57462332,Dylan GUION,,dylan-guion-b57462332,ok,@AllanDubos⎜Following
https://www.linkedin.com/in/deborah-achour-consultante-seo,Déborah Achour,,deborah-achour-consultante-seo,ok,@MaevaPlichard followers | Réciprocité N°1
https://www.linkedin.com/in/ACoAAA8G9LcBkPHL1Ao8pYnop8zRZQ9IxBnLWmI,Edouard Renault,,ACoAAA8G9LcBkPHL1Ao8pYnop8zRZQ9IxBnLWmI,ok,Good ones
https://www.linkedin.com/in/elie-darracq,Elie D.,Des systèmes IA qui transforment vos opérations — pas des automatisations gadgets · PME de prestation de service B2B,elie-darracq,pending,@MaevaPlichard followers | Réciprocité N°1
https://www.linkedin.com/in/elise-rondard,Elise Rondard,,elise-rondard,ok,@MaevaPlichard followers
https://www.linkedin.com/in/ACoAACAUZUYBbjSOzT0ah5COYt6j2cmbF2hny3M,Elodie Delmas,,ACoAACAUZUYBbjSOzT0ah5COYt6j2cmbF2hny3M,ok,@AllanDubos⎜Following | @MaevaPlichard followers | Good ones
https://www.linkedin.com/in/elodie-raignault,ELODIE RAIGNAULT,🔆 🤩 Assistante de direction & Assistante virtuelle indépendante 👩‍💻 ✍️,elodie-raignault,pending,@MaevaPlichard followers
https://www.linkedin.com/in/ACoAABsNQ-8B0F8o50Hb0Gf_FG2NWCmcFdKnkKg,Eléonore Branchy 👾,,ACoAABsNQ-8B0F8o50Hb0Gf_FG2NWCmcFdKnkKg,ok,Leads
https://www.linkedin.com/in/emilie-gattet,Emilie Gattet,"Je pilote la communication des structures ambitieuses — stratégie de contenu, social media, admin web | Lyon & Remote",emilie-gattet,pending,@MaevaPlichard followers | Réciprocité N°1
https://www.linkedin.com/in/emilie-lacour,Emilie LACOUR,,emilie-lacour,ok,@MaevaPlichard followers
https://www.linkedin.com/in/emilie-seguin,Emilie Seguin,,emilie-seguin,ok,@AllanDubos⎜Following
https://www.linkedin.com/in/ACoAACpnkgAB1OTrHB4o7tiaJfec22l3XuJxLak,Emma Freyd,,ACoAACpnkgAB1OTrHB4o7tiaJfec22l3XuJxLak,pending,Leads
https://www.linkedin.com/in/enguerrand-monnnoury-csm,Enguerrand Monnoury,🤝 Account Manager & Customer Success Manager - SaaS santé / +150 partenaires accompagnés / 98% CSAT / Trusted advisor / Je crée des partenariats qui font grandir les projets autant que les équipes,enguerrand-monnnoury-csm,pending,@MaevaPlichard followers | Réciprocité N°1
https://www.linkedin.com/in/eric-allain-expert-transformation-digital,Eric ALLAIN,,eric-allain-expert-transformation-digital,ok,@MaevaPlichard followers
https://www.linkedin.com/in/eve-b-99095032b,Eve B.,"Copywriter stratégique, j’aide les coachs et les thérapeutes à faire danser leurs mots pour créer des connexions authentiques : des messages qui vibrent, des e-mails qui marquent… et une audience qui en redemande.",eve-b-99095032b,pending,@MaevaPlichard followers
https://www.linkedin.com/in/ACoAAAWWr3kB3J7EoVkSORF8wBdFErvWs_R6Zko,Fanny Chapel,,ACoAAAWWr3kB3J7EoVkSORF8wBdFErvWs_R6Zko,pending,Clients
https://www.linkedin.com/in/feliciarapoport,Felícia Rapoport ☀,I write and help you write your B2B content (LinkedIn & blogs) 🧠 | Copywriting • LinkedIn • Social selling • Content marketing ✍ | In French & English! 🌎,feliciarapoport,pending,@MaevaPlichard followers | Réciprocité N°1
https://www.linkedin.com/in/femi-timipre-eguen-127b16133,Femi Timipre Eguen,,femi-timipre-eguen-127b16133,ok,@MaevaPlichard followers
https://www.linkedin.com/in/flavieprevot,Flavie Prevot,,flavieprevot,ok,@MaevaPlichard followers | Réciprocité N°1
https://www.linkedin.com/in/flavio-guionneau,Flavio GUIONNEAU 🧬,,flavio-guionneau,ok,@AllanDubos⎜Following
https://www.linkedin.com/in/ACoAAAycEMUBR8jz4n8_f62yPSY4reVxBaVD5lw,Florent ALBERO,,ACoAAAycEMUBR8jz4n8_f62yPSY4reVxBaVD5lw,ok,Sans liste
https://www.linkedin.com/in/ACoAAA42T7ABWrxHJWLvHIU0HErf9RWbfhbCMzU,Florent Isidore,,ACoAAA42T7ABWrxHJWLvHIU0HErf9RWbfhbCMzU,pending,Leads
https://www.linkedin.com/in/floriancharpentier,Florian Charpentier,,floriancharpentier,ok,@MaevaPlichard followers
https://www.linkedin.com/in/florian-py,Florian Py,,florian-py,ok,@MaevaPlichard followers
https://www.linkedin.com/in/floriane-bardet,Floriane BARDET,,floriane-bardet,ok,@MaevaPlichard followers
https://www.linkedin.com/in/floriane-franco,Floriane Franco,,floriane-franco,ok,@MaevaPlichard followers
https://www.linkedin.com/in/fdemoncade,Foulques de Moncade,Déjà bloqué par ton influvoleur préféré,fdemoncade,pending,@MaevaPlichard followers
https://www.linkedin.com/in/ACoAABZQ-64B3-4SYIvmCP0mHZG0t-NtkrNijuk,François SEGURA,,ACoAABZQ-64B3-4SYIvmCP0mHZG0t-NtkrNijuk,ok,Leads
https://www.linkedin.com/in/ACoAABUloI8B9qJXjNR7bOcZAVE6rwXGcTC9u88,Gabrielle Joinau Tavernier,,ACoAABUloI8B9qJXjNR7bOcZAVE6rwXGcTC9u88,pending,Créateurs dans l'Immo
https://www.linkedin.com/in/gael-collet,Gael COLLET,Email marketing agency for e-commerce,gael-collet,pending,@MaevaPlichard followers | Réciprocité N°1
https://www.linkedin.com/in/ACoAAAXxl6YBLZ08feZJoNq36nTX-fkQL5acuS0,Gary Choukroun,,ACoAAAXxl6YBLZ08feZJoNq36nTX-fkQL5acuS0,ok,Créateurs dans l'Immo
https://www.linkedin.com/in/gaetan-redin,Gaëtan Redin 👨🏼‍💻,,gaetan-redin,ok,@MaevaPlichard followers
https://www.linkedin.com/in/genevi%C3%A8vestevelinck,Geneviève Stevelinck,Information Officer - Management Assistant,genevi%C3%A8vestevelinck,pending,@MaevaPlichard followers
https://www.linkedin.com/in/georges-monteiro-%F0%9F%90%BF%EF%B8%8F-0b8423142,Georges MONTEIRO 🐿️,,georges-monteiro-%F0%9F%90%BF%EF%B8%8F-0b8423142,ok,@MaevaPlichard followers
https://www.linkedin.com/in/guillaume-serre-seo,Guillaume SERRE,,guillaume-serre-seo,ok,@AllanDubos⎜Following
https://www.linkedin.com/in/ACoAACJGv-QBGlaDhAHNzHin-9Zfe1tWprX0ioo,"Guillaume Vilain, PhD",,ACoAACJGv-QBGlaDhAHNzHin-9Zfe1tWprX0ioo,ok,Leads
https://www.linkedin.com/in/hajar-lamjadab,Hajar LAMJADAB ✌🏻,,hajar-lamjadab,ok,@MaevaPlichard followers
https://www.linkedin.com/in/expert-siteweb-wordpress,Harry Porcu,,expert-siteweb-wordpress,ok,@MaevaPlichard followers | Réciprocité N°1
https://www.linkedin.com/in/hervegakpe,Hervé Gakpé,CoFounder @Minah | 50P’24 | Part Time CFO,hervegakpe,pending,@MaevaPlichard followers | Réciprocité N°1
https://www.linkedin.com/in/hugues-pellegrin-0b043b341,Hugues Pellegrin,,hugues-pellegrin-0b043b341,ok,@AllanDubos⎜Following
https://www.linkedin.com/in/ilann-temam-726666144,Ilann Temam,Fondateur et CEO chez HelloMac | Spécialiste du reconditionnements de MacBook,ilann-temam-726666144,pending,@MaevaPlichard followers | Réciprocité N°1
https://www.linkedin.com/in/ACoAACUhLxwBq7wdmTW1EggzfsLvAHL0dua8kxE,Inès Sivignon,,ACoAACUhLxwBq7wdmTW1EggzfsLvAHL0dua8kxE,ok,Good ones
https://www.linkedin.com/in/faust4mcreate,Inès Vazquez 🐒,,faust4mcreate,ok,@AllanDubos⎜Following | @MaevaPlichard followers
https://www.linkedin.com/in/isabelle-faure,Isabelle Faure,,isabelle-faure,ok,@AllanDubos⎜Following
https://www.linkedin.com/in/ACoAAA7gWAoB4eITN4dw1RXqpwqHTMOKuYrLN_c,Ismael Bernus ✌️,,ACoAAA7gWAoB4eITN4dw1RXqpwqHTMOKuYrLN_c,ok,Créateurs dans l'Immo
https://www.linkedin.com/in/jade-blin-brand-designer,Jade Blin,,jade-blin-brand-designer,ok,@MaevaPlichard followers
https://www.linkedin.com/in/jadecharrier,Jade C.,,jadecharrier,ok,@MaevaPlichard followers
https://www.linkedin.com/in/ACoAACJz-OsB_JYoT1m_pYVnK6Gr8W_zc0qp8B4,James Alley 🌴,,ACoAACJz-OsB_JYoT1m_pYVnK6Gr8W_zc0qp8B4,ok,Good ones
https://www.linkedin.com/in/james-arbacette,James Arbacette ✴️,DSI | Property & Digital Manager | Automatisation des processus métiers | Ex-Militaire (Cybersécurité),james-arbacette,pending,@MaevaPlichard followers
https://www.linkedin.com/in/jeancharlessalvin,Jean Charles Salvin,,jeancharlessalvin,ok,@MaevaPlichard followers | Réciprocité N°1
https://www.linkedin.com/in/upjbcousin,Jean-Baptiste Cousin,Partner Alfred.builders | Le logiciel qui respecte enfin votre savoir-faire !,upjbcousin,pending,@MaevaPlichard followers | Réciprocité N°1
https://www.linkedin.com/in/ACoAAAI5LWYBlhS1OM1V2kjj0AM1D4f-5ceiHmk,Jean-François Boscher,,ACoAAAI5LWYBlhS1OM1V2kjj0AM1D4f-5ceiHmk,pending,Leads
https://www.linkedin.com/in/ACoAACalnbUBDR19cGCMZLnYYkxVLphBxR74Im0,Jean-Philippe LAJUS,,ACoAACalnbUBDR19cGCMZLnYYkxVLphBxR74Im0,pending,Clients
https://www.linkedin.com/in/ACoAABsxyLIB-b7_80cbRq6O4in1DhBOiczCbSg,Jeanne Le Melinaire,,ACoAABsxyLIB-b7_80cbRq6O4in1DhBOiczCbSg,ok,Créateurs dans l'Immo
https://www.linkedin.com/in/jeffreydalmat,Jeffrey Dalmat,,jeffreydalmat,ok,@AllanDubos⎜Following
https://www.linkedin.com/in/ACoAAAzyrkEBr82sSE5Nd0pFR7IDpPuXs1900WM,Jeoffrey Jouannet,,ACoAAAzyrkEBr82sSE5Nd0pFR7IDpPuXs1900WM,ok,Clients
https://www.linkedin.com/in/ACoAADpf9IUBlbZf4nuPq8xeNzsLCkQWlZDdc6w,Jibril Bizonzolo,,ACoAADpf9IUBlbZf4nuPq8xeNzsLCkQWlZDdc6w,pending,@AllanDubos⎜Following | Good ones
https://www.linkedin.com/in/florentdalbensalles,Jochen Ravache,,florentdalbensalles,ok,@MaevaPlichard followers | Réciprocité N°1
https://www.linkedin.com/in/jochen-ravache,Jochen Ravache,,jochen-ravache,ok,@AllanDubos⎜Following
https://www.linkedin.com/in/jonathanbenihounsoulin,Jonathan Béni Hounsoulin,Je documente ce qui je crée avec l’IA,jonathanbenihounsoulin,ok,@AllanDubos⎜Following
https://www.linkedin.com/in/jonathan-sia-30537016,Jonathan SIA,MHE Project manager,jonathan-sia-30537016,pending,@MaevaPlichard followers | Réciprocité N°1
https://www.linkedin.com/in/jordanchenevier,Jordan Chenevier-Truchet,,jordanchenevier,ok,@AllanDubos⎜Following
https://www.linkedin.com/in/jordandjebali,Jordan Djebali,L’IA rendu simple. Vu sur LuxRadio 🎙️,jordandjebali,pending,@MaevaPlichard followers | Réciprocité N°1
https://www.linkedin.com/in/jordan-lauricella-ugc-campagnes,Jordan Lauricella,,jordan-lauricella-ugc-campagnes,ok,@AllanDubos⎜Following
https://www.linkedin.com/in/ACoAAD6OlbUBpOlknt1lF_xBGen2pccFZqdiM4Y,Jules Fléchet,,ACoAAD6OlbUBpOlknt1lF_xBGen2pccFZqdiM4Y,ok,Good ones
https://www.linkedin.com/in/jbacconnier-notion,Julie Bacconnier,,jbacconnier-notion,ok,Sans liste
https://www.linkedin.com/in/julie-pinter-964a591a2,Julie Pinter,,julie-pinter-964a591a2,ok,@AllanDubos⎜Following
https://www.linkedin.com/in/ACoAAA51A44BbLtx3EhnLMA6Xu4PQdR-NkDnczU,Julien BARDOU,,ACoAAA51A44BbLtx3EhnLMA6Xu4PQdR-NkDnczU,ok,Leads
https://www.linkedin.com/in/julien-bgt,Julien BIGOT,J’accompagne les entreprises B2B à rationaliser et optimiser leurs performances publicitaires - LinkedIn Ads l Google Ads l Meta Ads,julien-bgt,pending,@MaevaPlichard followers | Réciprocité N°1
https://www.linkedin.com/in/julien-b%C3%A9caud,Julien Bécaud,,julien-b%C3%A9caud,ok,@AllanDubos⎜Following
https://www.linkedin.com/in/julienlesourd,Julien Lesourd,"Recruteur, Formateur RH et IA",julienlesourd,pending,@MaevaPlichard followers
https://www.linkedin.com/in/juliettecadot,Juliette Cadot 🎁,,juliettecadot,ok,@AllanDubos⎜Following
https://www.linkedin.com/in/leroy-juliette,Juliette Leroy ☀️,,leroy-juliette,ok,@MaevaPlichard followers | Réciprocité N°1
https://www.linkedin.com/in/juliette-roudaut-daga,Juliette Roudaut Daga,Conseillère Immobilier à Boulogne-Billancourt et Paris Ouest,juliette-roudaut-daga,pending,@MaevaPlichard followers | Réciprocité N°1
https://www.linkedin.com/in/justineleite,Justine Leite,"Office Manager freelance pour TPE/PME | Administratif, comptabilité & RH externalisés | Gain de temps & sérénité pour dirigeants",justineleite,pending,@MaevaPlichard followers | Réciprocité N°1
https://www.linkedin.com/in/justinenoelghostwriter,Justine Noel,DG & Content Strategist @Beyond Growth | On aide les associations et les entreprises à impact à trouver de nouveaux Mécènes/Clients via Linkedin | Recrutement & Animation des bénévoles pour l’ADIE Lyon 🌞,justinenoelghostwriter,pending,@MaevaPlichard followers | Réciprocité N°1
https://www.linkedin.com/in/ACoAAA417ysBysaGK_mMjBOCdkSh5ibXDqQSpgg,Jérémy Lacoste,,ACoAAA417ysBysaGK_mMjBOCdkSh5ibXDqQSpgg,ok,Good ones
https://www.linkedin.com/in/jeremy-mermod,Jérémy Mermod,,jeremy-mermod,ok,@AllanDubos⎜Following
https://www.linkedin.com/in/ACoAAForB_UBvyJCap0PEmSeIWv-WTOxA8oGkKk,Jérôme BARELLI,,ACoAAForB_UBvyJCap0PEmSeIWv-WTOxA8oGkKk,ok,Leads
https://www.linkedin.com/in/jerome-guyot-pmp-emba,"Jérôme GUYOT, PMP",,jerome-guyot-pmp-emba,ok,@MaevaPlichard followers
https://www.linkedin.com/in/jeromeknops,Jérôme Knops,,jeromeknops,ok,@MaevaPlichard followers | Réciprocité N°1
https://www.linkedin.com/in/ACoAAD4SSacB-wD_cd8jkIM2QBrwFBgkBwwmmQw,Jérôme Rossat 🛸,,ACoAAD4SSacB-wD_cd8jkIM2QBrwFBgkBwwmmQw,ok,Good ones
https://www.linkedin.com/in/j%C3%A9r%C3%B4me-verger,Jérôme Verger,,j%C3%A9r%C3%B4me-verger,ok,@AllanDubos⎜Following
https://www.linkedin.com/in/kellyzizine,Kelly ZIZINE,,kellyzizine,ok,@MaevaPlichard followers | Réciprocité N°1
https://www.linkedin.com/in/kemal-moustoifa-3086ab138,Kemal Moustoifa,"🎩 Architecte de marques mémorables  | Sculptons votre Branding & votre Storytelling pour captiver, engager et convertir votre audience.",kemal-moustoifa-3086ab138,pending,@MaevaPlichard followers | Réciprocité N°1
https://www.linkedin.com/in/ACoAAAMxHFoBVC57mxvlgVpqFEHL_3NA2k7dlus,Kevin Chambenoit,,ACoAAAMxHFoBVC57mxvlgVpqFEHL_3NA2k7dlus,pending,Clients
https://www.linkedin.com/in/kevin-ouinsou,Kevin OUINSOU,J’analyse comment tu vends pour trouver où tu peux vendre plus et les solutions pour y arriver | 4h d’investigation | 7 jours d’analyse | Plan d’action 90 jours | +145 entrepreneurs accompagnés en 3 ans,kevin-ouinsou,pending,@MaevaPlichard followers
https://www.linkedin.com/in/khalil-ahmed-fr,Khalil Ahmed,,khalil-ahmed-fr,ok,@MaevaPlichard followers | Réciprocité N°1
https://www.linkedin.com/in/kimhasina-socialmediamanager-acquisitionclient,Kim Hasina Nadia Rasolofoharimanana,,kimhasina-socialmediamanager-acquisitionclient,ok,@AllanDubos⎜Following
https://www.linkedin.com/in/laetitiafall,Laetitia FALL,,laetitiafall,ok,@MaevaPlichard followers | Réciprocité N°1
https://www.linkedin.com/in/laetitiapham-ghostwriter-corporate,Laetitia PHAM,,laetitiapham-ghostwriter-corporate,ok,@AllanDubos⎜Following
https://www.linkedin.com/in/laura-dipisa,Laura Dipisa,Bras droit stratégique & opérationnel | OBM | J’interviens lorsque l’entreprise grandit mais que son fonctionnement ne suit plus ⚡️,laura-dipisa,pending,@MaevaPlichard followers
https://www.linkedin.com/in/laurentgallen,Laurent Gallen,,laurentgallen,ok,@MaevaPlichard followers | Réciprocité N°1
https://www.linkedin.com/in/laurie-charbonnier,Laurie Charbonnier,,laurie-charbonnier,ok,@AllanDubos⎜Following
https://www.linkedin.com/in/lauriemontes,Laurie M.,,lauriemontes,ok,@AllanDubos⎜Following
https://www.linkedin.com/in/laurine-bemer,Laurine Bemer,"J’aide les femmes ambitieuses à faire passer leur business à +100K€/ an, sans pub💰 | +3.000 femmes accompagnés | 🎥 Visionne ma conférence offerte pour atteindre +5K€/mois (toute ma méthode) « Accéder à mon site web »👇",laurine-bemer,ok,@AllanDubos⎜Following
https://www.linkedin.com/in/laurinejardin,Laurine JARDIN 🍊,,laurinejardin,ok,@MaevaPlichard followers
https://www.linkedin.com/in/liliansevoumian,Lilian Sevoumian,"🌀 Automatisation & agents IA | J’automatise ce que vos équipes font encore à la main | augmentes.fr | n8n & Make | Formateur, +300 élèves",liliansevoumian,pending,@MaevaPlichard followers | Réciprocité N°1
https://www.linkedin.com/in/lisa-de-meyer-business-confidante,Lisa De Meyer,,lisa-de-meyer-business-confidante,ok,@MaevaPlichard followers | Réciprocité N°1
https://www.linkedin.com/in/loriane-thomas,Loriane Thomas ✍🏾,📧 Crée des liens authentiques tout en augmentant ton CA grâce aux e-mails |🎙️Créatrice du podcast Orèma,loriane-thomas,pending,@MaevaPlichard followers | Réciprocité N°1
https://www.linkedin.com/in/ACoAACZUuVsBVC_XGZT8RJCYCdNNarbjgLOikiI,Louis Deslus 👨🏻,,ACoAACZUuVsBVC_XGZT8RJCYCdNNarbjgLOikiI,ok,Good ones
https://www.linkedin.com/in/louise-delabre-lequilibredulieu,Louise Delabre 🏠,Géobiologue | J’accompagne les indépendants et les dirigeants conscient que leur lieu de travail impacte leur bien-être et leur performance à en faire un espace qui les soutient vraiment | France,louise-delabre-lequilibredulieu,ok,@MaevaPlichard followers
https://www.linkedin.com/in/louisemourey,Louise Mourey,Ton contenu te prend trop de temps ? Crée un mois de contenu en une journée en installant le @système de la flemme (lien en sélection à la une ⭣),louisemourey,pending,@MaevaPlichard followers
https://www.linkedin.com/in/lucdeleplanque,Luc Deleplanque ✔️,Auteur ⎮ Intervenant Professeur ⎮ Concepteur Pédagogique ⎮ Technopédagogue  ⎮ Expertise Digitale,lucdeleplanque,pending,@MaevaPlichard followers
https://www.linkedin.com/in/luc-delaure,Luc-Delaure Yatchokeu,,luc-delaure,ok,@MaevaPlichard followers
https://www.linkedin.com/in/lucas-baldinger-la-recette,Lucas Baldinger,,lucas-baldinger-la-recette,ok,@AllanDubos⎜Following
https://www.linkedin.com/in/lucas-laporte,Lucas Laporte,,lucas-laporte,ok,@MaevaPlichard followers
https://www.linkedin.com/in/lucas-lhemery,Lucas Lhemery,Growth Manager · CRO & funnels de vente ⎪ 60+ dispositifs d’acquisition et de conversion construits ⎪ Je capte le CA qui fuit entre ton audience et ton offre.,lucas-lhemery,pending,@MaevaPlichard followers | Réciprocité N°1
https://www.linkedin.com/in/lucia-razanakoto,Lucia Razanakoto ⚓,Je t’aide à franchir la porte d’un hôpital pas comme les autres | Navires-hôpitaux de Mercy Ships ⛴️ | Soignants en quête de sens | Bienvenus 🫶🏾,lucia-razanakoto,pending,@AllanDubos⎜Following
https://www.linkedin.com/in/lucileb,Lucile Barberet,I train and support entrepreneurs and SME to shine on social networks | Personal branding | Copywriting | Ghostwriting | Head of communication @Handicap International,lucileb,pending,@MaevaPlichard followers
https://www.linkedin.com/in/lucilerey-webdesigner,Lucile Rey 🦉,,lucilerey-webdesigner,ok,@AllanDubos⎜Following
https://www.linkedin.com/in/lucille-misslin,Lucille Misslin,,lucille-misslin,ok,@MaevaPlichard followers | Réciprocité N°1
https://www.linkedin.com/in/ludivine-amevor-socialmedia,Ludivine Amevor ⭐️,Social media manager + Créatrice de contenus 🚀 TOP 15 Créateurs Linkedin Catégorie Social media France + 200 professionnels formés,ludivine-amevor-socialmedia,pending,@MaevaPlichard followers | Réciprocité N°1
https://www.linkedin.com/in/ludivine-gil,Ludivine Gil ☀️,,ludivine-gil,ok,@MaevaPlichard followers
https://www.linkedin.com/in/ACoAAACF9DMBHenq80OwpzHj2ZwZVumqM7ZaSMo,Ludovic Martial,,ACoAAACF9DMBHenq80OwpzHj2ZwZVumqM7ZaSMo,pending,Clients
https://www.linkedin.com/in/luther-akossou,Luther Akossou 🟠,Head of Design @LK360 ➜ Je rends ton image attractive aux clients premium. Signature Visuelle™ ➜ Génére des rdv pré-qualifiés sans même parler. Je scanne ta DA linkedin ➜ Clique sur le lien 👇🏾,luther-akossou,pending,@MaevaPlichard followers
https://www.linkedin.com/in/l%C3%A9a-boussaad,Léa Boussaad,,l%C3%A9a-boussaad,ok,@AllanDubos⎜Following
https://www.linkedin.com/in/l%C3%A9a-depoulain-a21535164,Léa DEPOULAIN,,l%C3%A9a-depoulain-a21535164,ok,@MaevaPlichard followers
https://www.linkedin.com/in/ACoAADLWzrkBjDXCkqy6PdDOdQpRG4gROgQlcZs,Léna Sun 🌞,,ACoAADLWzrkBjDXCkqy6PdDOdQpRG4gROgQlcZs,ok,@AllanDubos⎜Following | Good ones
https://www.linkedin.com/in/malala-assistante-administrative,Malala Andriamahefa,Assistante admin & Pré-compta • Facturation • Recouvrement →  Je vous aide à structurer votre organisation et à sécuriser votre trésorerie,malala-assistante-administrative,ok,@AllanDubos⎜Following
https://www.linkedin.com/in/malaurybodin,Malaury Bodin,On prospecte gratuitement pour vous → Vous ne payez que les rendez-vous obtenus l COO & Chief of Staff @Incentive l B2B Copywriter & Linkedin Ghostwriter,malaurybodin,pending,@MaevaPlichard followers | Réciprocité N°1
https://www.linkedin.com/in/manon-verbeke-design,Manon Verbeke,,manon-verbeke-design,ok,@MaevaPlichard followers | Réciprocité N°1
https://www.linkedin.com/in/marcelle-idemboxes-,Marcelle Konan,,marcelle-idemboxes-,ok,@MaevaPlichard followers
https://www.linkedin.com/in/margaux-lopez-assistante,Margaux Lopez,,margaux-lopez-assistante,ok,@AllanDubos⎜Following
https://www.linkedin.com/in/mariebretaudeau,Marie BRETAUDEAU,Responsable marketing & communication  | MBA Marketing Digital & IA | Structuration · Déploiement · Pilotage,mariebretaudeau,pending,@MaevaPlichard followers | Réciprocité N°1
https://www.linkedin.com/in/ACoAAAUK3bEBQFt_pPKbcJOFzvyvHQR0u2fL86o,Marie VAILLANT,,ACoAAAUK3bEBQFt_pPKbcJOFzvyvHQR0u2fL86o,ok,Leads
https://www.linkedin.com/in/marievegas,Marie Vegas Caradeuc 🌿 Wonder Organizer,J’aide les dirigeants surchargés à structurer leur business grâce à une organisation sur-mesure & durable🌿| Notion-Process-Espaces | Consultante | Formatrice | Conférencière en Organisation Responsable,marievegas,pending,@MaevaPlichard followers
https://www.linkedin.com/in/marie-rose-perret,Marie-Rose Perret 🦩,,marie-rose-perret,ok,@AllanDubos⎜Following
https://www.linkedin.com/in/marinesoichot,Marine (Pétroline) Soichot,,marinesoichot,ok,@MaevaPlichard followers
https://www.linkedin.com/in/marine-dupray%F0%9F%91%A9%F0%9F%8F%BC%E2%80%8D%F0%9F%92%BB-297a35156,Marine Dupray👩🏼‍💻,,marine-dupray%F0%9F%91%A9%F0%9F%8F%BC%E2%80%8D%F0%9F%92%BB-297a35156,pending,@MaevaPlichard followers
https://www.linkedin.com/in/marjolainenguyen,Marjolaine Nguyen,Virtual assistant,marjolainenguyen,ok,@MaevaPlichard followers
https://www.linkedin.com/in/martin-bassard,Martin Bassard,,martin-bassard,ok,@AllanDubos⎜Following | Good ones
https://www.linkedin.com/in/ACoAAAk_8M8BPZZdd-sfGVh1RB2o5cn6gq3XPmg,Martin Colomb,,ACoAAAk_8M8BPZZdd-sfGVh1RB2o5cn6gq3XPmg,pending,Leads
https://www.linkedin.com/in/ACoAAARlg7gBlcmUCWx7suXT-Hn7PV2HD_edOuU,Mathieu BONIN,,ACoAAARlg7gBlcmUCWx7suXT-Hn7PV2HD_edOuU,pending,Leads
https://www.linkedin.com/in/mathieu-colinet-motion-design,Mathieu Colinet,,mathieu-colinet-motion-design,ok,@AllanDubos⎜Following
https://www.linkedin.com/in/mathieu-mancel,Mathieu Mancel,,mathieu-mancel,ok,@AllanDubos⎜Following
https://www.linkedin.com/in/mathieu-pereira-trevit,Mathieu Pereira,💸 J'aide les agents immobiliers à vendre vite et mieux grâce à la méthode TREVIT  |  Co fondateur @TREVIT  |  Directeur opérationnel,mathieu-pereira-trevit,pending,@MaevaPlichard followers | Clients | Réciprocité N°1
https://www.linkedin.com/in/ACoAAAN9d1wBSLWd83Uy8mORsSQhrD1EJIeaXqw,Mathieu Sanchez 🐒,,ACoAAAN9d1wBSLWd83Uy8mORsSQhrD1EJIeaXqw,pending,Leads
https://www.linkedin.com/in/ACoAAACwKokBh_sQHDZZ5nOUpVFwUkCVIhxihpM,Mathieu SAUDEL 🟠,,ACoAAACwKokBh_sQHDZZ5nOUpVFwUkCVIhxihpM,pending,Good ones
https://www.linkedin.com/in/mathieu-visiere-framer-expert,Mathieu Visière,,mathieu-visiere-framer-expert,ok,@MaevaPlichard followers | Réciprocité N°1
https://www.linkedin.com/in/ACoAAANH1j0BF6Nz-rv6WJtWUKPFXSrDx2LhCzQ,Matthieu Duquesnoy,,ACoAAANH1j0BF6Nz-rv6WJtWUKPFXSrDx2LhCzQ,pending,Clients
https://www.linkedin.com/in/ACoAABeemNwBaI55QKdKrIRK_2GM2DznTBBTMPg,Matthieu Huet 🌱,,ACoAABeemNwBaI55QKdKrIRK_2GM2DznTBBTMPg,pending,Leads
https://www.linkedin.com/in/ACoAAAeVWbQBmrKiSJ-s_HKtkkcHHh1judIcuoo,Matthieu Luneau,,ACoAAAeVWbQBmrKiSJ-s_HKtkkcHHh1judIcuoo,pending,Leads
https://www.linkedin.com/in/ACoAACuL-bYBUDdLYOEIbN-n-jUtb1I-eEFX8jw,Mattéo DE SA,,ACoAACuL-bYBUDdLYOEIbN-n-jUtb1I-eEFX8jw,ok,@AllanDubos⎜Following | @MaevaPlichard followers | Réciprocité N°1
https://www.linkedin.com/in/maureen-philips,Maureen Philips,,maureen-philips,ok,@MaevaPlichard followers
https://www.linkedin.com/in/ACoAABrEJnwBfqzN5lB_GTJGpDJTy9w5xkRTuM4,Maxime Haffreingue,,ACoAABrEJnwBfqzN5lB_GTJGpDJTy9w5xkRTuM4,ok,Créateurs dans l'Immo
https://www.linkedin.com/in/maximesciare,Maxime Sciare,,maximesciare,ok,@MaevaPlichard followers
https://www.linkedin.com/in/ma%C3%ABlle-moreira-da-silva,Maëlle Moreira Da-Silva,,ma%C3%ABlle-moreira-da-silva,ok,@MaevaPlichard followers
https://www.linkedin.com/in/ma%C3%ABva-plichard-consultante-notion,Maëva Plichard,,ma%C3%ABva-plichard-consultante-notion,ok,@AllanDubos⎜Following
https://www.linkedin.com/in/mehdibenkaci,Mehdi Benkaci,"Founder @KOSMO® — cool creative ads for cool creative brands | Netflix, Pringles, Zalando, Renault, Miele...",mehdibenkaci,pending,@MaevaPlichard followers | Réciprocité N°1
https://www.linkedin.com/in/mlimoges,Melinda Limoges,,mlimoges,ok,@AllanDubos⎜Following
https://www.linkedin.com/in/miaperrotin-product-manager,Mia Perrotin,,miaperrotin-product-manager,ok,@AllanDubos⎜Following
https://www.linkedin.com/in/mickael-bosco-phd,"Mickaël Bosco, PhD",,mickael-bosco-phd,ok,@AllanDubos⎜Following
https://www.linkedin.com/in/ACoAAAd7bf0B36B-TlahZQKVneI7NakbL2idmRE,Moktar FARHAT,,ACoAAAd7bf0B36B-TlahZQKVneI7NakbL2idmRE,ok,Good ones
https://www.linkedin.com/in/morganedantan,Morgane Dantan,,morganedantan,ok,@AllanDubos⎜Following
https://www.linkedin.com/in/muriel-lardet-dato,Muriel Lardet-Dato🌺,,muriel-lardet-dato,ok,@AllanDubos⎜Following
https://www.linkedin.com/in/mythily-kasippilai,Mythily Kasippilai,"🍸 Visual Content Strategist & Photographer for Food, Beverage (CPG, FMCG) & Hospitality brands | Turning visual intention into brands that get chosen, not just seen. Based in Lyon, available worldwide.",mythily-kasippilai,pending,@MaevaPlichard followers | Réciprocité N°1
https://www.linkedin.com/in/m%C3%A9lanie-rabineau-8573204a,Mélanie Rabineau,,m%C3%A9lanie-rabineau-8573204a,ok,@MaevaPlichard followers
https://www.linkedin.com/in/melissaosmani-strategiedecommunication,Mélissa Osmani,,melissaosmani-strategiedecommunication,ok,@AllanDubos⎜Following
https://www.linkedin.com/in/nathaliebaptier,Nathalie Baptier,La Hippie du Branding 🌻 Bénévole à l’ADIE 🌻 Certifiée en copywriting 🌻 L’Authenticité est mon maître mot 🌻 Anti IA pour tout ce qui concerne la créativité 🌻 Basée à Vichy,nathaliebaptier,pending,@AllanDubos⎜Following
https://www.linkedin.com/in/nathalie-gaudey-assistante-ind%C3%A9pendante,Nathalie GAUDEY,🔶 Assistante Externalisée High Level - Trilingue anglais-allemand 🔶 Je suis l’atout Gain de Temps des dirigeants TPE/PME voulant déléguer leur suivi administratif/commercial/digital et se consacrer à leur activité,nathalie-gaudey-assistante-ind%C3%A9pendante,pending,@MaevaPlichard followers
https://www.linkedin.com/in/nelly-kempf-optimisation-seo,Nelly Kempf,,nelly-kempf-optimisation-seo,ok,@MaevaPlichard followers
https://www.linkedin.com/in/nicolas-bayart-investissement-immobilier,Nicolas Bayart 🦌,🏀 L’investisseur fan de NBA - co-fondateur @ TheLab et @ blockrenter - Amoureux d’Immo et J’analyse les investissements préférés de vos joueurs préférés 🏀,nicolas-bayart-investissement-immobilier,pending,@MaevaPlichard followers | Réciprocité N°1
https://www.linkedin.com/in/nicolas-goncalves-858290223,Nicolas Goncalves,Digital Project Manager at My Music Ads | Student at EMIC Paris,nicolas-goncalves-858290223,pending,@MaevaPlichard followers | Réciprocité N°1
https://www.linkedin.com/in/nordine-el-ouachmi-964567b2,Nordine El ouachmi,CEO bureauxandco.fr  Ex:Président FrenchTechMéditerranée .  VP Frenchproptech.,nordine-el-ouachmi-964567b2,pending,Leads
https://www.linkedin.com/in/nourdinemohamedboina,Nourdine MOHAMED-BOINA,,nourdinemohamedboina,ok,@AllanDubos⎜Following
https://www.linkedin.com/in/ACoAAAAKutwBCJMg_mxKOJCzbsYVOVWjjgqs5m8,Olivier HUE,,ACoAAAAKutwBCJMg_mxKOJCzbsYVOVWjjgqs5m8,ok,Créateurs dans l'Immo | Leads
https://www.linkedin.com/in/olivierlotter,Olivier LOTTER,,olivierlotter,ok,@MaevaPlichard followers
https://www.linkedin.com/in/ACoAAAABvKgBlmVYVxMrUuehFewLrXZpn-c0wJg,Olivier Marx,,ACoAAAABvKgBlmVYVxMrUuehFewLrXZpn-c0wJg,ok,Leads
https://www.linkedin.com/in/olivier-seron,Olivier Seron,,olivier-seron,ok,@AllanDubos⎜Following
https://www.linkedin.com/in/ACoAADTBF_0BiCswWGsnUHSL9C0rZ6jM2zXMpb8,Orane Janvier,,ACoAADTBF_0BiCswWGsnUHSL9C0rZ6jM2zXMpb8,ok,@MaevaPlichard followers | Good ones
https://www.linkedin.com/in/ACoAACAwuZoBl23OKLLp0Lff3HcrBtS5a9NBg5I,Orlane Djidonou ☀️,,ACoAACAwuZoBl23OKLLp0Lff3HcrBtS5a9NBg5I,ok,Réciprocité N°1
https://www.linkedin.com/in/ACoAACFx9RQBqxX_20xo3xH0tA8Pf9cLD3olY0Q,Oscar Baron,,ACoAACFx9RQBqxX_20xo3xH0tA8Pf9cLD3olY0Q,pending,Clients
https://www.linkedin.com/in/patricedornon,Patrice Dornon,Développeur fullstack @ezacae | 🛠️  Certifié Xano | ⚙️ Expert Make (niv.4) | On développe vos applications web & mobiles sur mesure pour accélérer votre transformation digitale.,patricedornon,pending,@MaevaPlichard followers
https://www.linkedin.com/in/patrice-l-987129105,Patrice L.,,patrice-l-987129105,ok,@MaevaPlichard followers
https://www.linkedin.com/in/paul-cieslar,Paul Cieslar,,paul-cieslar,ok,@AllanDubos⎜Following
https://www.linkedin.com/in/paul-krzanowski,Paul Krzanowski,,paul-krzanowski,ok,@AllanDubos⎜Following
https://www.linkedin.com/in/paul-alexandre-prunetti,Paul-Alexandre Prunetti 🖥️,,paul-alexandre-prunetti,ok,@AllanDubos⎜Following
https://www.linkedin.com/in/pauline-stempert,Pauline Stempert,,pauline-stempert,ok,@MaevaPlichard followers
https://www.linkedin.com/in/paulineviseur,Pauline Viseur,,paulineviseur,ok,@AllanDubos⎜Following
https://www.linkedin.com/in/zerrphilippe,Philippe Zerr,,zerrphilippe,ok,Créateurs dans l'Immo
https://www.linkedin.com/in/ACoAAAfB-SsBd_B1ChPFr1rq321wdjwxrFHBh7M,Pierre Caumartin 🗝,,ACoAAAfB-SsBd_B1ChPFr1rq321wdjwxrFHBh7M,ok,Créateurs dans l'Immo
https://www.linkedin.com/in/ACoAABr7ZyEBJhk3RvgT55GhUPNO8LqmBmDUOD8,Pierre-Emmanuel BRANGER,,ACoAABr7ZyEBJhk3RvgT55GhUPNO8LqmBmDUOD8,pending,Réciprocité N°1
https://www.linkedin.com/in/mahepriscille,Priscille MAHE,,mahepriscille,ok,@MaevaPlichard followers | Réciprocité N°1
https://www.linkedin.com/in/quentin-garel1,Quentin GAREL,,quentin-garel1,ok,@AllanDubos⎜Following | @MaevaPlichard followers | Good ones
https://www.linkedin.com/in/ACoAABt52FYBKPE0begJ0rKbo4bzPJ68as8puBA,Quentin Jamrozik,,ACoAABt52FYBKPE0begJ0rKbo4bzPJ68as8puBA,pending,Leads
https://www.linkedin.com/in/rachel-bouchigha-ghostwriter,Rachel Bouchigha,,rachel-bouchigha-ghostwriter,ok,@AllanDubos⎜Following
https://www.linkedin.com/in/raphaelauriac,Raphaël Auriac,"Founder & Creative Director @ La rampe → Branding digital & Sites marketing | +65 clients (Karaté Bushido, Manuscry, Bump., Fitness Camp, KOSMO®...)",raphaelauriac,ok,@MaevaPlichard followers | Réciprocité N°1
https://www.linkedin.com/in/riannmassamba,Riann Massamba,Online Business Manager,riannmassamba,pending,@MaevaPlichard followers
https://www.linkedin.com/in/ricardofernandes-pro,Ricardo Fernandes,Biz Ops Manager chez @IAD | IA & automatisation,ricardofernandes-pro,pending,@MaevaPlichard followers | Réciprocité N°1
https://www.linkedin.com/in/rolandecollet,Rolande COLLET,,rolandecollet,ok,@AllanDubos⎜Following
https://www.linkedin.com/in/romain-belhaire,Romain Belhaire,Senior Product Manager | +9 ans d’XP sur 5 projets (app mobile B2C et SaaS B2B) | Vibe coder avec l’IA | Passionné de Tennis 🎾,romain-belhaire,pending,@MaevaPlichard followers | Réciprocité N°1
https://www.linkedin.com/in/ACoAAAK2uVgBmDXEL6vLBGdXTOc-ZZliapUfHGU,Romain DESNOYERS,,ACoAAAK2uVgBmDXEL6vLBGdXTOc-ZZliapUfHGU,pending,Sans liste
https://www.linkedin.com/in/ACoAAAdnYJcBng7bSrjRGVDSxbMkmxI9jcNKgEQ,Romain Levrini 🏘️,,ACoAAAdnYJcBng7bSrjRGVDSxbMkmxI9jcNKgEQ,pending,Leads
https://www.linkedin.com/in/romain-mac%C3%A9-561686105,Romain MACÉ,J’aide les PME et entrepreneurs à gagner 🚀 en productivité et simplifier leur quotidien 💫 en automatisant 🪄 les taches récurrentes sans valeur ajoutée. | Consultant en automatisation & transformation digitale 💻,romain-mac%C3%A9-561686105,pending,@MaevaPlichard followers
https://www.linkedin.com/in/ACoAABHp0MMB9JmThYotyi7sKiXXzLO7NICtdoM,Romain Mirian,,ACoAABHp0MMB9JmThYotyi7sKiXXzLO7NICtdoM,ok,Leads
https://www.linkedin.com/in/ACoAAA2HCRgBJocb8jUcm6KcGz-7ll-sKZHru_E,Romain PIAU,,ACoAAA2HCRgBJocb8jUcm6KcGz-7ll-sKZHru_E,pending,Leads
https://www.linkedin.com/in/romanem,Romane Moreira ☀️,,romanem,ok,@MaevaPlichard followers | Good ones
https://www.linkedin.com/in/romutisserand,Romuald Tisserand,Head of Product & Design | B2B SaaS | Stratégie · Leadership · Go-To-Market | Structuration 0→1 | 3 produits lancés en 5 ans · 7 pays,romutisserand,pending,@MaevaPlichard followers | Réciprocité N°1
https://www.linkedin.com/in/rudymignardot,RUDY MIGNARDOT,😈 ANTI-CLONE™ | Le casseur de masques qui aide les entrepreneurs à devenir LE choix évident de leurs futurs clients. | Méthode DEVIENS TON HÉROS™ → Accompagnement 1:1 | ★★★★★ +100 entrepreneurs accompagnés,rudymignardot,pending,@AllanDubos⎜Following
https://www.linkedin.com/in/remy-ayoub,Rémy Ayoub ✨️,J’organise des évènements engagés et engageants  🎉🌳 I Président / Organisateur TEDx Bordeaux 🎤💭,remy-ayoub,pending,@MaevaPlichard followers | Réciprocité N°1
https://www.linkedin.com/in/ACoAACkfUtYBE-rqykZO8_Xceg21hxEmhu0ViGQ,Sacha DA SILVA,,ACoAACkfUtYBE-rqykZO8_Xceg21hxEmhu0ViGQ,ok,Good ones
https://www.linkedin.com/in/sacheensierro,Sacheen Sierro 🌞,,sacheensierro,ok,@AllanDubos⎜Following
https://www.linkedin.com/in/ACoAAAyy6A8BPf1WGmlGI2UUwvDLX4tIxpzpRrk,Salim Belaid,,ACoAAAyy6A8BPf1WGmlGI2UUwvDLX4tIxpzpRrk,pending,@MaevaPlichard followers | Notion followers
https://www.linkedin.com/in/salim-kheloufi-349208a8,Salim KHELOUFI,responsable de gestion chez laboratoire d'analyses médicales,salim-kheloufi-349208a8,pending,@MaevaPlichard followers
https://www.linkedin.com/in/salome-m-736b52174,Salome M.,,salome-m-736b52174,ok,@AllanDubos⎜Following
https://www.linkedin.com/in/salom%C3%A9-hassan-22138b153,Salomé Hassan,,salom%C3%A9-hassan-22138b153,pending,@MaevaPlichard followers | Réciprocité N°1
https://www.linkedin.com/in/samuel-bouaffia,Samuel Bouaffia,,samuel-bouaffia,ok,@AllanDubos⎜Following
https://www.linkedin.com/in/samuel-germain,Samuel GERMAIN,,samuel-germain,ok,@MaevaPlichard followers | Réciprocité N°1
https://www.linkedin.com/in/ACoAADdR-MkBXCk27B7PUBFBEwJ5_IsHtW7jYRM,Sandrine Evangelista,,ACoAADdR-MkBXCk27B7PUBFBEwJ5_IsHtW7jYRM,ok,Good ones
https://www.linkedin.com/in/sarah-oirdighi-personal-branding,Sarah Oirdighi,,sarah-oirdighi-personal-branding,ok,@AllanDubos⎜Following
https://www.linkedin.com/in/sarahtoilliez,Sarah T.,,sarahtoilliez,ok,@MaevaPlichard followers
https://www.linkedin.com/in/seheno-maitre-coo,Seheno Maitre,,seheno-maitre-coo,ok,@MaevaPlichard followers
https://www.linkedin.com/in/ACoAADKj45QBH154sc7eHzploBqazfRYeOVCKyU,Shana Dana,,ACoAADKj45QBH154sc7eHzploBqazfRYeOVCKyU,pending,Leads
https://www.linkedin.com/in/she%C3%AFma-e,Sheïma E.,,she%C3%AFma-e,ok,@MaevaPlichard followers
https://www.linkedin.com/in/shirley-chantraine,Shirley Chantraine 🧠,Persuader par la psychologie → Déclencher l’achat｜Consultante en Persuasion digitale｜+3500 marketeurs lisent No Brain No Gain 👇,shirley-chantraine,pending,@MaevaPlichard followers | Réciprocité N°1
https://www.linkedin.com/in/ACoAACi2cLgBaAQiT4F4bv72SQ2fI4QoQmaTP34,Simon Liu,,ACoAACi2cLgBaAQiT4F4bv72SQ2fI4QoQmaTP34,ok,Leads
https://www.linkedin.com/in/sofianehadine,Sofiane Hadine ⛓️‍💥,Solopreneur → Libère +58H/mois grâce à la Productivité Asymétrique & aux Systèmes Anti-Chaos (+902 solopreneurs libérés),sofianehadine,pending,@MaevaPlichard followers | Réciprocité N°1
https://www.linkedin.com/in/solenne-perrin-houdon-68580022,Solenne Perrin-Houdon,Interior Design / Project management /  international business,solenne-perrin-houdon-68580022,pending,@MaevaPlichard followers
https://www.linkedin.com/in/solo-goudiaby,Solo Goudiaby,Référent Digital Certifié🎓| Digital Strategist♟️| Social Media Manager📢 | Coach - Formateur💡,solo-goudiaby,pending,@MaevaPlichard followers
https://www.linkedin.com/in/sol%C3%A8ne-baillard,Solène Baillard,,sol%C3%A8ne-baillard,ok,@AllanDubos⎜Following | @MaevaPlichard followers
https://www.linkedin.com/in/sophie-sibieta-lpae,Sophie SIBIETA,Fondatrice de LE PIED À L’ÉTRIER | J’aide les dirigeants et leurs équipes à y voir plus clair,sophie-sibieta-lpae,pending,@MaevaPlichard followers
https://www.linkedin.com/in/steve-toitot,Steve Toitot,,steve-toitot,ok,@AllanDubos⎜Following
https://www.linkedin.com/in/steven-bos,Steven Bos,,steven-bos,ok,@AllanDubos⎜Following
https://www.linkedin.com/in/assistantevirtuelle,Stinah VA,,assistantevirtuelle,ok,@MaevaPlichard followers | Réciprocité N°1
https://www.linkedin.com/in/stiveldahyot,Stivel Dahyot,"🚀 Google Ads Growth Partner | Driving €13M/year in ad spend | Trusted by Ulys, Alan, Bobochic, Yespark, École Polytechnique & Maison Colibri | 120+ brands scaled with data-driven SEA expertise 📈",stiveldahyot,pending,@MaevaPlichard followers
https://www.linkedin.com/in/st%C3%A9phane-r%C3%A9gnault,Stéphane Régnault,"Kinésithérapeute | J’aide les professionnels de santé à automatiser leur cabinet pour gagner du temps, réduire la charge mentale et sécuriser leurs données patients",st%C3%A9phane-r%C3%A9gnault,pending,@MaevaPlichard followers
https://www.linkedin.com/in/stephanie-ferre-lelievre,Stéphanie Ferré Lelièvre,,stephanie-ferre-lelievre,ok,@MaevaPlichard followers
https://www.linkedin.com/in/stephanie-obm,Stéphanie Nirina,"Je pilote l’opérationnel des coachs et experts : quotidien, équipe et lancements, pour que ton business tourne sans toi | Bras Droit Opérationnel | Online Business Manager (OBM) Francophone",stephanie-obm,pending,@MaevaPlichard followers
https://www.linkedin.com/in/st%C3%A9phanie-plavinet,Stéphanie P.,,st%C3%A9phanie-plavinet,ok,@MaevaPlichard followers
https://www.linkedin.com/in/morgane-jaouen-hotel-career,Sylvie Stevanovic,,morgane-jaouen-hotel-career,ok,@MaevaPlichard followers
https://www.linkedin.com/in/ACoAADK-RB0BMBv0hEm0d1wz8cKFx3c7O0rfBl4,Sébastien F.,,ACoAADK-RB0BMBv0hEm0d1wz8cKFx3c7O0rfBl4,ok,Créateurs dans l'Immo
https://www.linkedin.com/in/sebastienramet,Sébastien Ramet,"Coach pour dirigeants, formateur, 2x Champion de France de Musculation 💪 | Président Judo Club Montdidier 🥋",sebastienramet,ok,@AllanDubos⎜Following
https://www.linkedin.com/in/tamaradhieuxia,Tamara DHIEUX,"Orchestratrice IA en Polynésie | J’accompagne indépendants et petites entreprises de Moorea (BTP, Airbnb) dans une IA simple et concrète au quotidien",tamaradhieuxia,pending,@MaevaPlichard followers
https://www.linkedin.com/in/thibault-chancerelle-motion-design,Thibault Chancerelle,Motion Design pour SaaS & Fintechs | Ads · Explainers · Onboarding - de l’acquisition à l’adoption,thibault-chancerelle-motion-design,pending,@MaevaPlichard followers | Réciprocité N°1
https://www.linkedin.com/in/thibault-louis,Thibault Louis 👾,,thibault-louis,ok,Sans liste
https://www.linkedin.com/in/thierry-gaetan,Thierry Gaetan,,thierry-gaetan,ok,Leads
https://www.linkedin.com/in/thierry-labbe-9976b3a2,Thierry Labbe,Manager de Transition DAF | Directeur Financier de crise et de croissance | Expert RSE et Bilan Carbone | PME  ETI | 35 ans d’expérience  | Je structure vos finances et déploie votre RSE,thierry-labbe-9976b3a2,pending,@MaevaPlichard followers
https://www.linkedin.com/in/tsouchard,Thierry SOUCHARD,,tsouchard,ok,@MaevaPlichard followers
https://www.linkedin.com/in/ACoAAAA_mfMBHTuuSPgDf6goOyzULwtvWRXX7CU,Thomas Becquet,,ACoAAAA_mfMBHTuuSPgDf6goOyzULwtvWRXX7CU,pending,Leads
https://www.linkedin.com/in/thomas--dubois,Thomas Dubois (Expert Shopify),,thomas--dubois,ok,@MaevaPlichard followers
https://www.linkedin.com/in/thomas-nurit,Thomas Nurit,,thomas-nurit,ok,@AllanDubos⎜Following
https://www.linkedin.com/in/thomas-clmnt,Thomas 💡 CLEMENT,,thomas-clmnt,ok,Sans liste
https://www.linkedin.com/in/ACoAADmxlF0BU-INKMNwZLuw4mw_seoaTWVtnl4,Théo Riondet,,ACoAADmxlF0BU-INKMNwZLuw4mw_seoaTWVtnl4,ok,Good ones
https://www.linkedin.com/in/th%C3%A9ophile-burnet,Théophile Burnet ⚡️,,th%C3%A9ophile-burnet,ok,@AllanDubos⎜Following | @MaevaPlichard followers
https://www.linkedin.com/in/valentinfurnion,Valentin F.,passionné par l’occasion j’en ai fait mon métier 👕♻️,valentinfurnion,pending,@MaevaPlichard followers | Réciprocité N°1
https://www.linkedin.com/in/valerie-perey-10a47a1b,Valerie Perey,Fondatrice – VAL BACK OFFICE | Accompagnement administratif des dirigeants | Structuration & pilotage administratif | TPE • PME • Associations,valerie-perey-10a47a1b,pending,@MaevaPlichard followers
https://www.linkedin.com/in/valerietrienpont,Valérie TRIENPONT,,valerietrienpont,ok,@MaevaPlichard followers | Réciprocité N°1
https://www.linkedin.com/in/xvx,Victor Auffray,,xvx,ok,@AllanDubos⎜Following
https://www.linkedin.com/in/victor-pelletier,Victor Pelletier,,victor-pelletier,ok,@AllanDubos⎜Following
https://www.linkedin.com/in/vincent-nicolas-32606aa4,Vincent NICOLAS,"Organisation et automatisation pour architecte, maître d’œuvre, gros œuvre, second œuvre. Moins de paperasse, plus de chantier.",vincent-nicolas-32606aa4,pending,@MaevaPlichard followers
https://www.linkedin.com/in/virginie-guyot,Virginie GUYOT,,virginie-guyot,ok,@MaevaPlichard followers
https://www.linkedin.com/in/warda-ait-mahmoud,Warda Aït mahmoude,IA appliquée au business & adoption par les équipes | Développement commercial B2B | Communication stratégique | Certifiée Microsoft AI Transformation Leader,warda-ait-mahmoud,pending,@AllanDubos⎜Following
https://www.linkedin.com/in/ventura-william,William Ventura,CEO LightWeb ➔ Je fais exploser ta visibilité en ligne avec un site web qui gifle la concurrence | 💡 Je te partage des hacks en webdesign chaque semaine ➔ Abonne-toi,ventura-william,pending,@MaevaPlichard followers
https://www.linkedin.com/in/wivineboidoux,Wivine Boidoux,,wivineboidoux,ok,@AllanDubos⎜Following
https://www.linkedin.com/in/xavierhounieu,Xavier Hounieu,,xavierhounieu,ok,@AllanDubos⎜Following
https://www.linkedin.com/in/yandegive,Yan Degive,Consultant Web | Je simplifie ton écosystème numérique 💻,yandegive,pending,@MaevaPlichard followers | Réciprocité N°1
https://www.linkedin.com/in/yann-perono,Yann Perono,,yann-perono,ok,@AllanDubos⎜Following
https://www.linkedin.com/in/ACoAAAIle6oBM0vjlfHGXq46wRC-gJX4REjlsGA,Yoann Brouzeng,,ACoAAAIle6oBM0vjlfHGXq46wRC-gJX4REjlsGA,ok,Clients
https://www.linkedin.com/in/yohancallet,Yohan Callet,"J’automatise votre business avec n8n, agents IA & système RAG",yohancallet,pending,@MaevaPlichard followers | Réciprocité N°1
https://www.linkedin.com/in/youcef-beloudini,Youcef Beloudini,IT Operations & Transformation Leader,youcef-beloudini,pending,@MaevaPlichard followers
https://www.linkedin.com/in/yo%C3%ABl-delouya-859895b2,Yoël Delouya,,yo%C3%ABl-delouya-859895b2,ok,@MaevaPlichard followers
https://www.linkedin.com/in/zo%C3%A9-oz%C3%A9-strategiedecommunication,Zoé Ciesielski,,zo%C3%A9-oz%C3%A9-strategiedecommunication,ok,@MaevaPlichard followers
https://www.linkedin.com/in/%C3%A9lo%C3%AFsedesravines,Éloïse Desravines,Cheffe de projets marketing & digitaux,%C3%A9lo%C3%AFsedesravines,pending,@MaevaPlichard followers | Réciprocité N°1
https://www.linkedin.com/in/laurentflores,🎓 Dr Laurent FLORES - Phd 💫,,laurentflores,ok,@MaevaPlichard followers
https://www.linkedin.com/in/audrey-defer-businessos,🔆 Audrey Defer,Je structure & pilote ta TPE par les chiffres 📊 | Copilote des dirigeant·es — COO part-time / PMO | Agences (Romandie) & marchands de biens (Haute-Savoie),audrey-defer-businessos,pending,@MaevaPlichard followers
